date,open,high,low,close,volume
2014-09-22,32.1144177466765,36.70219171048743,30.78396329717133,35.463492740258474,18381201.696
2014-09-23,35.463492740258474,37.0692136275923,33.39899445654355,34.316549249305744,5742202.752
2014-09-24,34.316549249305744,39.91363348515508,34.316549249305744,39.50073382841209,11517393.888
2014-09-25,40.37241088153616,42.16164272742244,37.84913520144015,38.950200952754784,8702261.568
2014-09-28,38.950200952754784,38.950200952754784,34.86708212496306,35.78463691772524,6417167.328
2014-09-29,35.78463691772524,37.0692136275923,34.50006020785819,35.5093704798966,4188042.144
2014-09-30,34.86708212496306,37.619746503249615,34.86708212496306,36.01402561591578,4489385.472
2014-10-01,37.11509136723041,37.16096910686851,33.94952733220088,34.316549249305744,3049016.256
2014-10-02,34.729448906048724,35.87639239700145,33.39899445654355,35.41761500062037,2532692.448
2014-10-12,35.463492740258474,36.01402561591578,33.94952733220088,34.22479377002952,1930376.448
2014-10-13,34.6376934267725,36.79394718976364,34.27067150966764,36.38104753302066,3315888.576
2014-10-14,36.24341431410633,37.25272458614474,35.96814787627768,36.15165883483013,3541988.736
2014-10-15,36.70219171048743,36.83982492940176,35.1423485627917,35.32585952134414,2880738.432
2014-10-16,36.56455849157309,36.56455849157309,34.40830472858196,34.5918156871344,2215410.912
2014-10-19,35.5552482195347,35.5552482195347,33.94952733220088,34.22479377002952,1293218.7839999998
2014-10-20,34.04128281147709,36.33516979338256,33.99540507183897,35.73875917808713,2452260.096
2014-10-21,36.19753657446823,38.72081225456424,35.601125959172805,37.711501982525824,5689569.6
2014-10-22,38.9960786923929,40.37241088153616,37.84913520144015,38.5831790356499,9134075.808
2014-10-23,39.36310060949776,39.36310060949776,36.38104753302066,36.74806945012554,4671377.567999999
2014-10-26,37.619746503249615,37.619746503249615,35.92227013663956,36.24341431410633,2399256.288
2014-10-27,36.24341431410633,36.47280301229688,35.463492740258474,35.83051465736334,2174268.096
2014-10-28,35.87639239700145,36.70219171048743,35.87639239700145,36.15165883483013,1526732.0639999998
2014-10-29,37.16096910686851,37.39035780505907,36.105781095192015,36.19753657446823,2772877.5360000003
2014-10-30,36.885702669039865,38.078523899630696,36.56455849157309,37.48211328433529,3263255.424
2014-11-02,37.84913520144015,37.89501294107826,35.87639239700145,36.24341431410633,2154993.984
2014-11-03,35.87639239700145,36.97745814831608,34.6376934267725,35.00471534387738,2283240.96
2014-11-05,35.463492740258474,37.02333588795419,34.86708212496306,36.6104362312112,2428538.112
2014-11-06,36.6104362312112,36.6104362312112,36.6104362312112,36.6104362312112,0.0
2014-11-09,40.54883164396271,40.54883164396271,37.886254463510994,38.88472090618039,4821616.8
2014-11-10,39.88318734884979,39.88318734884979,36.66590658913728,36.83231766291553,1525867.2
2014-11-11,36.94325837876767,38.82925054825431,36.94325837876767,37.33155088425021,2196136.8
2014-11-12,38.77378019032823,41.04806486529741,38.27454696899353,41.04806486529741,6319684.8
2014-11-13,42.65670524515368,42.98952739271013,39.66130591714547,39.93865770677586,3555517.68
2014-11-16,39.93865770677586,41.04806486529741,38.71830983240216,39.38395412751509,4011424.56
2014-11-17,40.32695021225839,40.77071307566703,39.27301341166292,39.328483769589006,2239688.88
2014-11-18,39.106602337884695,39.88318734884979,38.1081358952153,38.21907661106746,1716755.0399999998
2014-11-19,38.82925054825431,39.16207269581077,37.55343231595452,37.66437303180669,1883550.24
2014-11-20,38.66283947447608,38.82925054825431,37.66437303180669,38.38548768484569,1309651.2
2014-11-23,39.21754305373685,39.38395412751509,37.442491600102365,38.05266553728922,1559226.2399999998
2014-11-24,37.77531374765884,38.60736911655,37.16513981047199,37.33155088425021,765713.5199999999
2014-11-25,38.1081358952153,38.77378019032823,36.99872873669374,37.22061016839805,993049.2
2014-11-26,37.6089026738806,37.94172482143707,36.33308444158082,36.38855479950689,622084.32
2014-11-27,36.6104362312112,37.10966945254591,36.111203009876505,36.66590658913728,513358.56
2014-11-30,37.719843389732766,37.719843389732766,36.38855479950689,36.72137694706336,433049.76
2014-12-01,37.10966945254591,38.163606253141374,36.8877880208416,37.719843389732766,619304.3999999999
2014-12-02,38.66283947447608,39.328483769589006,37.442491600102365,38.21907661106746,1734361.2
2014-12-03,39.99412806470193,39.99412806470193,38.163606253141374,38.27454696899353,1596909.6
2014-12-04,38.27454696899353,38.55189875862392,36.99872873669374,37.16513981047199,977296.32
2014-12-07,37.442491600102365,37.6089026738806,36.22214372572866,36.38855479950689,767257.9199999999
2014-12-08,37.10966945254591,37.719843389732766,36.27761408365475,36.38855479950689,623010.96
2014-12-09,36.49949551535906,36.94325837876767,36.111203009876505,36.22214372572866,774979.9199999999
2014-12-10,36.22214372572866,37.276080526324144,35.501029072689654,35.77838086232004,1008802.08
2014-12-11,34.3916219141681,36.05573265195044,34.3916219141681,35.112736567207115,334884.6072
2014-12-14,34.724444061724576,36.05573265195044,34.724444061724576,35.22367728305926,269199.7308
2014-12-15,35.22367728305926,35.77838086232004,34.50256263002026,34.83538477757672,384308.4959999999
2014-12-17,34.44709227209418,35.22367728305926,34.44709227209418,34.724444061724576,334197.3492
2014-12-18,34.55803298794634,35.27914764098534,34.3916219141681,34.50256263002026,319998.1356
2014-12-21,34.3916219141681,34.66897370379849,34.169740482463794,34.280681198315946,390876.8292
2014-12-22,34.169740482463794,35.00179585135495,34.169740482463794,34.50256263002026,378804.2544
2014-12-23,34.55803298794634,34.66897370379849,33.94785905075948,34.05879976661163,204988.212
2014-12-24,34.11427012453771,34.169740482463794,32.33921867090324,32.450159386755395,439656.70319999993
2014-12-28,32.50562974468147,32.72751117638578,31.61810401786422,32.061866881272834,243798.984
2014-12-29,32.061866881272834,32.72751117638578,31.895455807494614,32.450159386755395,269460.7344
2014-12-30,32.450159386755395,32.50562974468147,31.895455807494614,32.11733723919892,417281.4359999999
2015-01-01,32.83845189223793,33.226744397720466,32.33921867090324,33.00486296601616,312103.1628
2015-01-05,33.28221475564655,33.28221475564655,32.56110010260755,33.060333323942245,561675.114
2015-01-06,33.28221475564655,35.44555871476358,33.28221475564655,35.33461799891142,3258285.5448
2015-01-07,35.501029072689654,35.66744014646789,34.50256263002026,34.724444061724576,707486.5511999999
2015-01-08,33.836918334907324,34.3916219141681,33.28221475564655,33.61503690320302,2612493.1404
2015-01-11,33.55956654527695,33.836918334907324,33.1712740397944,33.28221475564655,2132876.6315999995
2015-01-12,33.836918334907324,35.44555871476358,33.836918334907324,34.94632549342889,2523758.094
2015-01-13,35.501029072689654,35.77838086232004,34.50256263002026,34.66897370379849,1253618.8236
2015-01-14,34.724444061724576,34.77991441965065,33.94785905075948,34.11427012453771,829072.5299999999
2015-01-15,34.280681198315946,34.61350334587242,33.6705072611291,33.78144797698124,838028.5055999998
2015-01-18,33.55956654527695,33.94785905075948,33.28221475564655,33.3931554714987,451922.328
2015-01-19,33.1712740397944,33.55956654527695,31.95092616542069,32.22827795505107,912059.3196
2015-01-20,33.226744397720466,33.226744397720466,31.61810401786422,31.895455807494614,483787.9331999999
2015-01-21,31.72904473371637,31.895455807494614,31.00793008067737,31.396222586159915,580098.2616
2015-01-22,31.118870796529524,32.172807597125,31.118870796529524,31.50716330201208,340144.8336
2015-01-25,31.34075222823385,31.83998544956853,30.23134506971229,30.34228578556444,326180.3688
2015-01-26,31.396222586159915,31.396222586159915,29.95399328008189,30.23134506971229,429814.242
2015-01-27,30.508696859342677,31.61810401786422,29.621171132525426,31.285281870307763,562034.9591999999
2015-01-28,31.285281870307763,31.50716330201208,30.286815427638363,30.508696859342677,610461.1656
2015-01-29,30.120404353860128,30.56416721726876,29.898522922155813,30.06493399593405,483860.52
2015-02-01,30.23134506971229,30.952459722751296,29.06646755326465,29.17740826911681,543786.3287999999
2015-02-02,29.28834898496897,29.51023041667328,28.789115763634268,29.39928970082112,816352.8515999999
2015-02-03,29.17740826911681,30.17587471178621,29.06646755326465,29.73211184837759,473780.2212
2015-02-04,29.56570077459936,29.84305256422974,29.39928970082112,29.73211184837759,876051.6335999998
2015-02-05,29.34381934289505,29.56570077459936,29.06646755326465,29.39928970082112,512595.6264
2015-02-08,29.39928970082112,29.898522922155813,29.232878627042897,29.621171132525426,441472.9176
2015-02-09,29.84305256422974,30.39775614349052,29.787582206303668,29.84305256422974,459289.1159999999
2015-02-10,29.898522922155813,30.73057829104697,29.898522922155813,30.17587471178621,997069.2731999998
2015-02-11,30.34228578556444,30.508696859342677,29.67664149045151,29.787582206303668,1078874.5967999997
2015-02-12,29.898522922155813,30.508696859342677,29.898522922155813,30.34228578556444,754186.1183999999
2015-02-15,30.23134506971229,31.063400438603445,30.23134506971229,30.896989364825213,868474.8071999999
2015-02-16,30.896989364825213,30.896989364825213,29.787582206303668,29.95399328008189,558135.3491999999
2015-02-17,29.95399328008189,30.17587471178621,29.4547600587472,29.84305256422974,436512.3048
2015-02-18,30.34228578556444,30.508696859342677,29.56570077459936,29.67664149045151,490087.5408
2015-02-19,29.67664149045151,29.84305256422974,29.06646755326465,29.232878627042897,529892.9064
2015-02-22,29.34381934289505,29.51023041667328,29.12193791119073,29.17740826911681,329352.56639999995
2015-02-23,29.28834898496897,29.4547600587472,29.01099719533857,29.12193791119073,429590.304
2015-02-24,29.232878627042897,29.4547600587472,28.844586121560347,29.06646755326465,468648.17999999993
2015-02-25,29.232878627042897,29.232878627042897,28.06800111059526,28.289882542299573,393556.3631999999
2015-02-26,28.289882542299573,28.51176397400388,28.12347146852134,28.289882542299573,313886.9448
2015-03-01,28.289882542299573,28.456293616077804,27.4578271734084,27.62423824718664,564285.1499999999
2015-03-02,27.346886457556256,28.12347146852134,27.346886457556256,27.62423824718664,542226.4848
2015-03-03,27.67970860511271,27.67970860511271,26.68124216244332,26.958593952073706,259680.04919999995
2015-03-04,27.291416099630176,27.7351789630388,27.014064309999785,27.346886457556256,389463.70319999993
2015-03-05,27.346886457556256,27.51329753133448,26.958593952073706,27.235945741704096,352795.014
2015-03-08,27.235945741704096,27.957060394743102,26.958593952073706,27.56876788926056,784558.2888
2015-03-09,27.846119678890947,29.28834898496897,27.846119678890947,28.90005647948642,1297561.6368
2015-03-10,28.955526837412503,29.28834898496897,28.23441218437349,28.51176397400388,717335.19
2015-03-11,28.56723433192996,28.844586121560347,27.51329753133448,27.790649320964867,480254.346
2015-03-12,27.790649320964867,27.90159003681702,27.069534667925858,27.291416099630176,357709.2947999999
2015-03-15,26.68124216244332,27.67970860511271,26.68124216244332,27.069534667925858,403076.0447999999
2015-03-16,27.12500502585194,27.235945741704096,26.237479299034696,26.62577180451724,355928.60159999994
2015-03-18,27.7351789630388,27.7351789630388,26.237479299034696,26.62577180451724,400347.09
2015-03-19,26.958593952073706,27.12500502585194,26.62577180451724,26.958593952073706,192030.696
2015-03-22,26.90312359414763,28.01253075266918,26.7367125203694,27.790649320964867,878555.106
2015-03-23,28.178941826447414,28.40082325815173,27.346886457556256,27.4578271734084,320608.1736
2015-03-24,27.4578271734084,27.67970860511271,26.45936073073901,26.68124216244332,454913.8308
2015-03-25,26.90312359414763,26.90312359414763,26.45936073073901,26.62577180451724,393911.5752
2015-03-29,27.56876788926056,27.846119678890947,26.958593952073706,27.62423824718664,465506.8704
2015-03-30,27.235945741704096,27.4578271734084,26.62577180451724,26.792182878295467,512957.016
2015-03-31,26.792182878295467,27.402356815482324,26.570301446591163,26.847653236221557,765857.1492
2015-04-01,27.12500502585194,27.12500502585194,26.570301446591163,26.62577180451724,552027.2471999999
2015-04-02,26.792182878295467,26.90312359414763,26.45936073073901,26.51483108866508,206404.4268
2015-04-05,26.45936073073901,26.7367125203694,25.51636464599569,26.07106822525647,343554.86879999994
2015-04-06,25.793716435626077,26.45936073073901,25.239012856365296,25.34995357221745,410106.1536
2015-04-07,25.34995357221745,25.96012750940432,24.35148712954806,24.906190708808836,525744.6479999999
2015-04-08,25.017131424660995,25.46089428806961,23.852253908213363,25.183542498439227,667427.904
2015-04-09,24.96166106673492,25.738246077699998,24.795249992956688,25.128072140513147,697906.6379999999
2015-04-12,25.34995357221745,26.570301446591163,24.96166106673492,26.237479299034696,1166099.22
2015-04-13,26.18200894110862,27.069534667925858,26.18200894110862,26.90312359414763,972882.4248
2015-04-15,27.12500502585194,28.844586121560347,27.12500502585194,28.678175047782105,1661125.752
2015-04-16,28.844586121560347,29.01099719533857,27.7351789630388,28.40082325815173,1234227.3371999995
2015-04-19,28.789115763634268,29.28834898496897,27.957060394743102,29.01099719533857,1361295.936
2015-04-20,28.844586121560347,29.28834898496897,27.235945741704096,27.56876788926056,855707.2523999999
2015-04-21,27.62423824718664,28.06800111059526,26.7367125203694,26.90312359414763,700797.7548
2015-04-22,27.56876788926056,28.12347146852134,26.90312359414763,27.7351789630388,928803.7043999998
2015-04-23,28.289882542299573,28.289882542299573,26.7367125203694,27.069534667925858,639656.5031999999
2015-04-26,27.56876788926056,27.56876788926056,25.51636464599569,25.62730536184785,531392.5187999998
2015-04-27,26.792182878295467,26.792182878295467,25.07260178258707,25.51636464599569,547925.3208
2015-04-29,25.51636464599569,25.51636464599569,24.40695748747414,24.7397796350306,718695.8063999999
2015-04-30,24.62883891917844,24.795249992956688,24.074135339917675,24.517898203326297,439492.9968
2015-05-04,25.183542498439227,25.51636464599569,23.519431760656893,23.796783550287287,889891.0019999999
2015-05-05,24.462427845400214,25.51636464599569,24.074135339917675,24.795249992956688,611491.2803999999
2015-05-06,25.46089428806961,26.126538583182548,24.462427845400214,25.294483214291372,587029.5287999999
2015-05-07,25.96012750940432,26.07106822525647,25.183542498439227,25.40542393014353,569248.8515999999
2015-05-10,26.015597867330392,27.12500502585194,26.015597867330392,26.958593952073706,609461.9387999999
2015-05-11,27.62423824718664,27.62423824718664,25.793716435626077,26.51483108866508,609497.46
2015-05-12,26.90312359414763,27.291416099630176,25.68277571977392,25.96012750940432,672268.0535999999
2015-05-13,26.62577180451724,28.06800111059526,26.348420014886845,27.790649320964867,1507839.4188
2015-05-14,29.12193791119073,29.12193791119073,27.67970860511271,28.06800111059526,1502695.0224
2015-05-17,27.957060394743102,29.51023041667328,27.957060394743102,29.28834898496897,1882399.662
2015-05-18,29.621171132525426,30.286815427638363,29.28834898496897,29.84305256422974,1823227.5204
2015-05-19,30.009463638007965,30.786048648973058,29.67664149045151,30.009463638007965,1728175.878
2015-05-20,30.009463638007965,30.009463638007965,29.06646755326465,29.232878627042897,1216215.0
2015-05-21,29.39928970082112,29.39928970082112,28.40082325815173,28.678175047782105,844212.2831999998
2015-05-24,29.12193791119073,29.898522922155813,28.955526837412503,29.621171132525426,731653.3224
2015-05-25,30.56416721726876,32.39468902882931,30.453226501416594,32.172807597125,2977070.382
2015-05-26,33.00486296601616,33.00486296601616,30.841519006899137,31.118870796529524,1273804.1316
2015-05-27,31.562633659938143,32.56110010260755,30.675107933120906,31.784515091642454,2201532.9336
2015-05-28,32.172807597125,32.78298153431185,30.952459722751296,31.063400438603445,2064102.9552
2015-05-31,31.72904473371637,33.1712740397944,30.896989364825213,32.39468902882931,1923846.7248
2015-06-01,32.94939260809008,34.00332940868555,31.673574375790302,31.83998544956853,2521177.4016
2015-06-02,31.895455807494614,33.28221475564655,31.118870796529524,31.1743411544556,1576285.6823999998
2015-06-04,32.11733723919892,32.11733723919892,30.56416721726876,31.063400438603445,1021592.8007999996
2015-06-07,32.172807597125,32.72751117638578,30.619637575194837,30.841519006899137,1224100.7063999998
2015-06-08,31.61810401786422,31.83998544956853,29.51023041667328,29.84305256422974,972782.0388
2015-06-09,29.67664149045151,30.120404353860128,28.844586121560347,29.56570077459936,540138.4559999999
2015-06-10,29.787582206303668,30.39775614349052,29.28834898496897,29.4547600587472,713495.8115999999
2015-06-11,29.232878627042897,29.787582206303668,28.844586121560347,29.06646755326465,466254.36
2015-06-14,28.844586121560347,29.17740826911681,28.34535290022565,28.789115763634268,365333.9976
2015-06-15,28.844586121560347,29.39928970082112,28.56723433192996,29.06646755326465,269341.8156
2015-06-16,29.84305256422974,31.063400438603445,29.06646755326465,29.56570077459936,541968.57
2015-06-17,29.39928970082112,30.17587471178621,29.39928970082112,29.621171132525426,331522.4484
2015-06-18,30.23134506971229,30.23134506971229,29.39928970082112,29.621171132525426,381290.7384
2015-06-21,30.17587471178621,30.17587471178621,29.232878627042897,29.4547600587472,191976.642
2015-06-22,30.120404353860128,30.23134506971229,29.17740826911681,29.39928970082112,453358.62
2015-06-23,30.120404353860128,30.120404353860128,29.17740826911681,29.39928970082112,206157.3228
2015-06-24,29.67664149045151,30.009463638007965,29.4547600587472,29.84305256422974,514544.6592
2015-06-25,30.23134506971229,30.23134506971229,29.28834898496897,29.73211184837759,175914.88199999998
2015-06-28,29.95399328008189,29.95399328008189,29.28834898496897,29.51023041667328,267766.5276
2015-06-29,29.95399328008189,29.95399328008189,29.06646755326465,29.28834898496897,465897.6036
2015-06-30,29.787582206303668,29.898522922155813,29.28834898496897,29.56570077459936,328753.3392
2015-07-02,29.898522922155813,29.898522922155813,29.28834898496897,29.51023041667328,462277.53
2015-07-05,29.56570077459936,29.73211184837759,28.733645405708188,28.955526837412503,452045.88
2015-07-06,29.06646755326465,29.12193791119073,28.56723433192996,28.678175047782105,215122.5648
2015-07-07,29.34381934289505,29.56570077459936,28.62270468985603,28.733645405708188,663847.9847999999
2015-07-08,28.90005647948642,29.34381934289505,28.733645405708188,29.01099719533857,526967.8128
2015-07-09,29.34381934289505,29.95399328008189,29.01099719533857,29.84305256422974,848987.568
2015-07-12,30.06493399593405,30.06493399593405,28.733645405708188,28.955526837412503,616428.7272
2015-07-13,28.955526837412503,29.39928970082112,28.844586121560347,28.955526837412503,260825.994
2015-07-14,29.56570077459936,29.95399328008189,29.06646755326465,29.621171132525426,659699.7263999998
2015-07-21,29.95399328008189,31.063400438603445,29.95399328008189,30.841519006899137,679678.0848000001
2015-07-22,31.285281870307763,31.285281870307763,29.95399328008189,30.17587471178621,711559.1340000001
2015-07-23,30.34228578556444,31.00793008067737,30.009463638007965,30.619637575194837,879514.1784
2015-07-26,31.063400438603445,31.063400438603445,29.56570077459936,29.84305256422974,744793.0775999998
2015-07-27,29.84305256422974,30.508696859342677,29.67664149045151,30.23134506971229,886590.6192
2015-07-28,30.675107933120906,32.28374831297715,30.34228578556444,32.11733723919892,2971087.3763999995
2015-07-29,31.895455807494614,33.11580368186832,31.50716330201208,31.72904473371637,2490635.3472
2015-07-30,31.95092616542069,32.72751117638578,31.451692944086,32.28374831297715,1791496.278
2015-08-02,32.83845189223793,34.280681198315946,32.450159386755395,33.72597761905517,3609116.082
2015-08-03,34.11427012453771,34.61350334587242,33.3931554714987,34.169740482463794,3109765.2299999995
2015-08-04,34.3916219141681,35.168206925133184,33.61503690320302,33.89238869283341,2789008.794
2015-08-05,33.836918334907324,33.836918334907324,32.56110010260755,32.83845189223793,2028889.0908
2015-08-06,32.94939260809008,34.05879976661163,32.94939260809008,33.72597761905517,1705596.7499999998
2015-08-09,34.00332940868555,35.501029072689654,33.89238869283341,35.33461799891142,3369646.0512
2015-08-10,35.8893215781722,35.8893215781722,34.22521084038988,34.3916219141681,2403398.3688
2015-08-11,34.3916219141681,35.168206925133184,34.00332940868555,34.169740482463794,2453960.4804
2015-08-12,34.77991441965065,36.83231766291553,34.66897370379849,36.05573265195044,5096873.6676
2015-08-13,36.55496587328513,36.6104362312112,35.390088356837495,35.55649943061572,4347206.463599999
2015-08-16,35.55649943061572,38.49642840069785,35.44555871476358,38.163606253141374,6362611.398
2015-08-17,38.77378019032823,39.21754305373685,37.719843389732766,37.886254463510994,5339650.258799999
2015-08-18,37.719843389732766,38.27454696899353,37.22061016839805,37.55343231595452,2657263.752
2015-08-19,37.719843389732766,38.49642840069785,37.66437303180669,37.886254463510994,3053705.0544
2015-08-20,37.997195179363146,38.21907661106746,36.94325837876767,37.22061016839805,2978872.6968
2015-08-23,37.55343231595452,37.719843389732766,35.94479193609828,36.111203009876505,1815905.52
2015-08-24,36.16667336780258,36.6104362312112,35.55649943061572,35.72291050439397,1515427.056
2015-08-25,35.72291050439397,36.00026229402435,34.8908551355028,35.00179585135495,2298717.3924
2015-08-26,35.501029072689654,35.72291050439397,35.05726620928104,35.27914764098534,1290343.1112
2015-08-27,35.501029072689654,35.55649943061572,34.66897370379849,34.77991441965065,1073554.1387999998
2015-08-30,35.00179585135495,35.22367728305926,33.3931554714987,33.89238869283341,866721.9131999998
2015-08-31,33.836918334907324,34.33615155624202,33.1712740397944,33.33768511357263,793761.3683999999
2015-09-01,33.94785905075948,34.8908551355028,33.226744397720466,34.44709227209418,917362.7892
2015-09-02,34.55803298794634,35.61196978854181,34.55803298794634,35.22367728305926,1291851.99
2015-09-03,35.390088356837495,35.390088356837495,34.3916219141681,34.61350334587242,776820.8448
2015-09-06,34.66897370379849,35.168206925133184,34.44709227209418,34.724444061724576,754908.8975999998
2015-09-07,34.77991441965065,36.00026229402435,34.77991441965065,35.55649943061572,1201056.714
2015-09-08,35.72291050439397,36.16667336780258,34.66897370379849,35.168206925133184,765407.7287999999
2015-09-09,35.390088356837495,35.390088356837495,34.11427012453771,34.280681198315946,698756.058
2015-09-10,34.8908551355028,35.22367728305926,33.89238869283341,34.169740482463794,769653.2843999999
2015-09-13,34.3916219141681,34.8908551355028,34.280681198315946,34.44709227209418,686907.4212
2015-09-14,34.66897370379849,34.83538477757672,33.89238869283341,34.00332940868555,592997.0903999999
2015-09-15,34.3916219141681,34.50256263002026,33.836918334907324,34.33615155624202,609245.7227999999
2015-09-16,34.3916219141681,35.05726620928104,34.00332940868555,34.94632549342889,1257257.43
2015-09-17,34.8908551355028,35.66744014646789,34.8908551355028,35.501029072689654,1492878.816
2015-09-20,35.501029072689654,35.8893215781722,35.00179585135495,35.22367728305926,1067671.5192
2015-09-21,35.44555871476358,35.77838086232004,34.8908551355028,35.27914764098534,874561.2875999998
2015-09-22,35.33461799891142,35.72291050439397,35.05726620928104,35.61196978854181,798745.1472
2015-09-28,36.05573265195044,36.55496587328513,35.72291050439397,36.27761408365475,1525150.5983999998
2015-09-29,36.44402515743298,36.55496587328513,35.501029072689654,35.77838086232004,1038232.1664
2015-09-30,35.55649943061572,36.22214372572866,35.33461799891142,35.501029072689654,987165.036
2015-10-01,35.55649943061572,36.05573265195044,34.94632549342889,35.94479193609828,1290502.1844
2015-10-04,35.94479193609828,36.16667336780258,35.22367728305926,35.33461799891142,834823.8755999998
2015-10-05,35.390088356837495,35.66744014646789,35.00179585135495,35.44555871476358,562638.8195999999
2015-10-06,35.501029072689654,35.61196978854181,34.66897370379849,34.77991441965065,476427.3227999999
2015-10-07,34.8908551355028,34.94632549342889,34.169740482463794,34.3916219141681,398717.748
2015-10-08,34.44709227209418,35.501029072689654,34.05879976661163,34.77991441965065,1067762.6387999998
2015-10-11,34.55803298794634,34.724444061724576,33.89238869283341,34.00332940868555,363990.3696
2015-10-12,34.3916219141681,34.724444061724576,34.05879976661163,34.44709227209418,417395.72159999993
2015-10-13,34.66897370379849,34.66897370379849,33.72597761905517,33.836918334907324,547963.9308
2015-10-14,33.61503690320302,34.11427012453771,32.94939260809008,33.1712740397944,291022.1028
2015-10-15,32.450159386755395,34.05879976661163,32.450159386755395,33.00486296601616,440804.1924
2015-10-18,33.28221475564655,33.28221475564655,32.22827795505107,32.39468902882931,378388.8108
2015-10-19,33.11580368186832,33.11580368186832,32.00639652334677,32.39468902882931,386280.6947999999
2015-10-20,32.450159386755395,33.55956654527695,32.39468902882931,32.6720408184597,404739.3636
2015-10-21,32.616570460533616,32.94939260809008,32.172807597125,32.450159386755395,485690.634
2015-10-25,32.94939260809008,33.11580368186832,32.172807597125,32.6720408184597,274603.5864
2015-10-26,33.836918334907324,33.836918334907324,32.00639652334677,32.11733723919892,1018527.1667999998
2015-10-27,32.28374831297715,32.56110010260755,31.673574375790302,31.83998544956853,212595.9264
2015-10-28,31.784515091642454,32.28374831297715,31.22981151238167,31.396222586159915,308957.22
2015-10-29,31.95092616542069,31.95092616542069,31.063400438603445,31.1743411544556,154250.03879999998
2015-11-01,30.786048648973058,31.00793008067737,30.56416721726876,30.786048648973058,238737.9852
2015-11-02,30.786048648973058,31.118870796529524,30.508696859342677,30.73057829104697,371380.3236
2015-11-03,30.841519006899137,31.784515091642454,30.841519006899137,31.673574375790302,546407.1756
2015-11-04,31.61810401786422,31.61810401786422,30.841519006899137,31.00793008067737,270038.34
2015-11-05,30.786048648973058,31.396222586159915,30.786048648973058,31.00793008067737,648666.5327999999
2015-11-08,30.619637575194837,30.841519006899137,29.84305256422974,29.95399328008189,739565.2835999998
2015-11-09,30.73057829104697,30.73057829104697,29.01099719533857,29.4547600587472,290870.7516
2015-11-10,30.009463638007965,30.286815427638363,29.28834898496897,29.56570077459936,629641.0691999999
2015-11-11,29.67664149045151,29.898522922155813,28.844586121560347,29.12193791119073,464272.8948
2015-11-12,28.844586121560347,30.17587471178621,28.844586121560347,30.06493399593405,496013.4036
2015-11-15,30.06493399593405,30.06493399593405,30.06493399593405,30.06493399593405,0.0
2015-11-16,31.63549024945299,31.837418910619707,30.693156497341626,31.50087114200851,591784.4789999999
2015-11-17,31.77010935689748,32.173966679230915,31.50087114200851,31.568180695730756,541881.054
2015-11-18,31.36625203456404,31.568180695730756,30.693156497341626,30.89508515850835,304154.136
2015-11-19,31.029704265952827,31.70279980317524,30.96239471223059,31.50087114200851,510254.31599999993
2015-11-22,34.327872398342606,34.327872398342606,31.63549024945299,33.587467307397965,956358.117
2015-11-23,33.85670552228692,34.12594373717589,32.10665712550868,32.3085857866754,614254.2119999999
2015-11-24,33.25091953878676,33.25091953878676,31.63549024945299,31.837418910619707,442758.888
2015-11-25,32.3085857866754,33.92401507600916,32.3085857866754,33.38553864623124,1141096.671
2015-11-26,33.25091953878676,35.27020615045398,33.18360998506452,35.000967935565015,2203346.574
2015-11-29,35.33751570417621,35.74137302650966,34.86634882812052,35.068277489287254,2476206.018
2015-11-30,35.404825257898466,35.60675391906516,34.327872398342606,34.59711061323158,1169285.832
2015-12-01,35.202896596731726,36.34715901000982,34.933658381842775,36.07792079512086,2853019.026
2015-12-02,36.8183258860655,36.8183258860655,35.404825257898466,35.74137302650966,2652651.144
2015-12-03,36.21253990256534,36.21253990256534,35.000967935565015,35.53944436534294,1760720.247
2015-12-06,35.87599213395414,36.21253990256534,34.73172972067606,34.933658381842775,1430509.5089999998
2015-12-07,35.000967935565015,35.60675391906516,34.395181952064846,34.73172972067606,1231280.622
2015-12-08,35.000967935565015,35.27020615045398,33.85670552228692,34.05863418345364,708928.506
2015-12-09,34.260562844620374,35.202896596731726,33.99132462973141,34.73172972067606,977495.805
2015-12-10,34.933658381842775,34.933658381842775,33.99132462973141,34.05863418345364,558694.422
2015-12-13,34.52980105950933,34.52980105950933,33.31822909250901,33.452848199953486,400003.461
2015-12-14,33.587467307397965,33.85670552228692,32.51051444784213,32.9816813238978,296258.391
2015-12-15,32.77975266273108,33.31822909250901,32.51051444784213,33.04899087762004,231694.749
2015-12-17,32.9816813238978,33.18360998506452,32.3085857866754,32.44320489411988,471097.341
2015-12-20,32.9816813238978,33.18360998506452,32.173966679230915,32.3085857866754,355087.161
2015-12-21,33.04899087762004,33.25091953878676,32.57782400156435,32.847062216453324,489819.33
2015-12-22,32.91437177017556,33.452848199953486,32.57782400156435,32.77975266273108,693294.0299999999
2015-12-23,32.847062216453324,32.91437177017556,32.3085857866754,32.51051444784213,264743.622
2015-12-24,32.51051444784213,32.77975266273108,32.3085857866754,32.44320489411988,552648.0959999999
2015-12-27,32.71244310900884,32.847062216453324,32.44320489411988,32.57782400156435,300028.014
2015-12-28,32.77975266273108,32.77975266273108,32.03934757178644,32.173966679230915,282488.778
2015-12-29,32.51051444784213,32.847062216453324,32.3085857866754,32.37589534039764,307514.493
2015-12-30,32.6451335552866,32.847062216453324,32.241276232953155,32.3085857866754,332011.25099999993
2016-01-03,32.37589534039764,32.9816813238978,32.37589534039764,32.77975266273108,449639.19
2016-01-04,33.04899087762004,34.46249150578709,32.9816813238978,34.19325329089812,1130975.703
2016-01-05,34.260562844620374,34.59711061323158,33.452848199953486,34.46249150578709,1188906.147
2016-01-06,34.395181952064846,34.73172972067606,34.12594373717589,34.19325329089812,1320316.569
2016-01-07,33.85670552228692,34.46249150578709,33.654776861120205,33.7893959685647,1076536.89
2016-01-10,33.722086414842444,33.92401507600916,33.04899087762004,33.18360998506452,864378.801
2016-01-11,33.18360998506452,33.452848199953486,32.847062216453324,33.04899087762004,503178.39
2016-01-12,33.11630043134228,33.38553864623124,32.91437177017556,33.25091953878676,409165.614
2016-01-13,33.654776861120205,34.12594373717589,33.38553864623124,33.722086414842444,835178.058
2016-01-14,33.722086414842444,33.7893959685647,32.71244310900884,32.91437177017556,773362.161
2016-01-17,33.452848199953486,33.7893959685647,32.9816813238978,33.18360998506452,721654.362
2016-01-18,33.38553864623124,33.654776861120205,33.11630043134228,33.25091953878676,604955.637
2016-01-19,33.31822909250901,34.66442016695381,33.31822909250901,34.59711061323158,2503236.879
2016-01-20,34.86634882812052,35.135587043009494,34.327872398342606,34.395181952064846,2363332.257
2016-01-21,34.260562844620374,34.260562844620374,33.38553864623124,33.452848199953486,808958.0069999999
2016-01-24,33.18360998506452,34.52980105950933,32.71244310900884,33.85670552228692,1610592.9839999997
2016-01-25,34.260562844620374,34.46249150578709,33.587467307397965,33.99132462973141,909519.039
2016-01-26,33.99132462973141,34.05863418345364,33.25091953878676,33.52015775367571,835095.69
2016-01-27,33.38553864623124,33.7893959685647,33.04899087762004,33.25091953878676,341450.109
2016-01-28,32.51051444784213,32.847062216453324,31.1643233733973,31.36625203456404,1408123.431
2016-01-31,31.972038018064197,32.241276232953155,30.08737051384147,30.693156497341626,544587.615
2016-02-01,30.020060960119224,31.29894248084179,30.020060960119224,30.625846943619383,321657.33599999995
2016-02-02,30.423918282452664,31.29894248084179,30.356608728730425,30.760466051063872,409488.651
2016-02-03,30.760466051063872,30.82777560478611,30.020060960119224,30.356608728730425,673519.2749999999
2016-02-04,30.28929917500819,30.625846943619383,30.020060960119224,30.08737051384147,456500.187
2016-02-07,30.08737051384147,30.625846943619383,29.952751406396978,30.28929917500819,259818.273
2016-02-08,30.356608728730425,30.423918282452664,29.68351319150802,29.81813229895249,208497.861
2016-02-09,29.952751406396978,30.356608728730425,29.81813229895249,30.15468006756371,176288.112
2016-02-10,30.28929917500819,30.55853738989715,30.15468006756371,30.423918282452664,155073.204
2016-02-11,30.491227836174897,30.96239471223059,30.356608728730425,30.82777560478611,478779.444
2016-02-14,31.09701381967507,31.29894248084179,30.356608728730425,30.55853738989715,337362.597
2016-02-15,30.491227836174897,30.625846943619383,29.68351319150802,29.885441852674745,407519.541
2016-02-16,30.08737051384147,30.356608728730425,29.81813229895249,30.221989621285932,344385.75599999994
2016-02-17,30.693156497341626,31.23163292711955,30.221989621285932,30.760466051063872,477402.354
2016-02-18,31.23163292711955,31.63549024945299,30.82777560478611,31.23163292711955,437747.31
2016-02-22,31.63549024945299,31.63549024945299,30.423918282452664,30.55853738989715,421318.755
2016-02-23,30.760466051063872,31.1643233733973,30.08737051384147,30.15468006756371,691911.7919999999
2016-02-24,30.82777560478611,30.82777560478611,29.885441852674745,30.020060960119224,255577.608
2016-02-25,30.020060960119224,30.28929917500819,29.75082274523026,29.81813229895249,248470.794
2016-02-28,30.423918282452664,30.423918282452664,29.75082274523026,29.885441852674745,217975.329
2016-02-29,29.81813229895249,30.08737051384147,29.61620363778578,29.68351319150802,231530.013
2016-03-01,29.61620363778578,30.15468006756371,29.27965586917458,29.414274976619065,349370.30700000003
2016-03-02,29.548894084063537,29.61620363778578,27.596917026118568,28.875798546841136,1112799.4019999998
2016-03-03,29.01041765428561,29.61620363778578,28.80848899311889,28.875798546841136,102167.208
2016-03-06,28.875798546841136,28.875798546841136,28.270012563340973,28.337322117063213,255992.022
2016-03-07,28.875798546841136,28.875798546841136,28.20270300961873,28.60656033195217,276275.142
2016-03-08,28.875798546841136,29.481584530341294,28.60656033195217,29.34696542289682,447753.735
2016-03-09,29.61620363778578,29.61620363778578,28.80848899311889,29.01041765428561,286934.076
2016-03-10,29.145036761730097,29.548894084063537,28.94310810056338,29.27965586917458,312478.452
2016-03-13,29.61620363778578,29.61620363778578,28.875798546841136,29.01041765428561,179630.451
2016-03-14,28.875798546841136,29.145036761730097,28.60656033195217,28.673869885674417,318334.302
2016-03-15,29.27965586917458,29.481584530341294,29.01041765428561,29.27965586917458,492664.887
2016-03-16,29.414274976619065,29.548894084063537,29.07772720800785,29.21234631545234,361955.88
2016-03-20,29.61620363778578,29.61620363778578,28.741179439396657,28.94310810056338,322564.671
2016-03-21,29.01041765428561,29.414274976619065,29.01041765428561,29.21234631545234,398560.734
2016-03-22,29.61620363778578,29.61620363778578,29.145036761730097,29.548894084063537,518223.42
2016-03-23,29.61620363778578,30.020060960119224,29.548894084063537,29.885441852674745,823521.699
2016-03-24,30.08737051384147,31.63549024945299,30.020060960119224,31.1643233733973,1573007.436
2016-03-27,31.43356158828626,31.63549024945299,30.55853738989715,30.625846943619383,557655.813
2016-03-28,30.491227836174897,30.625846943619383,29.414274976619065,29.61620363778578,563021.316
2016-03-29,29.885441852674745,30.15468006756371,29.34696542289682,29.61620363778578,280950.813
2016-03-30,29.61620363778578,29.952751406396978,29.27965586917458,29.414274976619065,324166.986
2016-03-31,29.414274976619065,29.952751406396978,29.414274976619065,29.61620363778578,395991.882
2016-04-03,29.885441852674745,30.221989621285932,29.61620363778578,30.08737051384147,680341.6619999999
2016-04-04,30.491227836174897,31.029704265952827,30.221989621285932,30.82777560478611,801238.581
2016-04-05,30.760466051063872,30.760466051063872,29.75082274523026,29.885441852674745,514505.277
2016-04-06,30.221989621285932,30.55853738989715,29.68351319150802,30.28929917500819,263932.812
2016-04-07,30.625846943619383,30.625846943619383,29.81813229895249,29.952751406396978,347029.254
2016-04-10,30.423918282452664,30.423918282452664,29.34696542289682,29.61620363778578,516730.5
2016-04-11,29.61620363778578,29.81813229895249,29.07772720800785,29.21234631545234,293578.857
2016-04-12,29.481584530341294,29.75082274523026,29.07772720800785,29.21234631545234,442698.399
2016-04-13,29.34696542289682,29.548894084063537,28.80848899311889,28.94310810056338,619716.24
2016-04-17,29.01041765428561,29.07772720800785,28.60656033195217,28.673869885674417,270640.656
2016-04-18,28.741179439396657,29.34696542289682,28.673869885674417,29.07772720800785,265544.136
2016-04-19,29.21234631545234,29.414274976619065,28.673869885674417,28.741179439396657,360553.05
2016-04-20,28.673869885674417,28.741179439396657,28.270012563340973,28.337322117063213,329308.551
2016-04-21,28.539250778229928,28.539250778229928,28.20270300961873,28.270012563340973,261587.898
2016-04-24,28.80848899311889,28.875798546841136,28.000774348452005,28.13539345589649,226047.393
2016-04-25,28.741179439396657,28.741179439396657,27.933464794729773,28.06808390217425,301475.889
2016-04-26,27.933464794729773,27.933464794729773,27.05844059634064,27.260369257507364,282751.326
2016-04-27,27.86615524100753,27.86615524100753,26.452654612840487,26.78920238145168,162813.22199999998
2016-04-28,27.260369257507364,28.20270300961873,26.923821488896163,27.39498836495185,511775.54999999993
2016-05-02,27.39498836495185,28.875798546841136,26.856511935173923,28.13539345589649,223340.832
2016-05-03,28.404631670785456,28.94310810056338,28.404631670785456,28.60656033195217,519094.719
2016-05-04,28.80848899311889,29.21234631545234,28.270012563340973,28.94310810056338,486645.588
2016-05-05,28.94310810056338,29.34696542289682,28.60656033195217,28.875798546841136,369439.785
2016-05-08,28.94310810056338,29.21234631545234,28.673869885674417,29.01041765428561,368972.604
2016-05-09,29.27965586917458,29.952751406396978,29.07772720800785,29.548894084063537,706942.6649999999
2016-05-10,30.221989621285932,30.356608728730425,29.548894084063537,29.68351319150802,607147.3979999999
2016-05-11,29.548894084063537,29.548894084063537,29.145036761730097,29.21234631545234,279535.11299999995
2016-05-12,29.34696542289682,29.34696542289682,28.539250778229928,28.673869885674417,292348.485
2016-05-15,28.60656033195217,28.60656033195217,27.86615524100753,28.06808390217425,180163.269
2016-05-16,28.20270300961873,28.60656033195217,27.933464794729773,28.13539345589649,389139.894
2016-05-17,28.270012563340973,28.60656033195217,28.270012563340973,28.404631670785456,110379.555
2016-05-18,28.94310810056338,29.07772720800785,28.539250778229928,28.875798546841136,330367.75200000004
2016-05-19,28.875798546841136,29.481584530341294,28.80848899311889,29.07772720800785,440906.895
2016-05-22,29.34696542289682,29.34696542289682,28.673869885674417,29.01041765428561,277602.039
2016-05-24,29.01041765428561,29.27965586917458,28.875798546841136,28.94310810056338,472388.202
2016-05-25,29.01041765428561,29.21234631545234,28.741179439396657,28.80848899311889,210217.293
2016-05-26,28.94310810056338,28.94310810056338,28.673869885674417,28.80848899311889,256125.87
2016-05-29,29.145036761730097,29.481584530341294,28.80848899311889,29.414274976619065,348864.51599999995
2016-05-30,29.34696542289682,29.885441852674745,29.34696542289682,29.68351319150802,900444.4019999999
2016-05-31,29.75082274523026,29.952751406396978,29.414274976619065,29.481584530341294,685471.644
2016-06-01,29.548894084063537,29.68351319150802,29.07772720800785,29.21234631545234,241999.758
2016-06-02,29.21234631545234,29.27965586917458,28.80848899311889,29.145036761730097,299654.784
2016-06-05,29.145036761730097,29.61620363778578,28.94310810056338,29.07772720800785,264094.974
2016-06-06,29.01041765428561,29.01041765428561,28.60656033195217,28.673869885674417,119061.657
2016-06-07,28.47194122450769,28.875798546841136,28.270012563340973,28.404631670785456,333841.365
2016-06-08,28.60656033195217,28.94310810056338,28.47194122450769,28.673869885674417,130034.619
2016-06-09,28.875798546841136,28.94310810056338,28.539250778229928,28.673869885674417,310694.67
2016-06-12,28.673869885674417,28.875798546841136,28.539250778229928,28.673869885674417,166069.332
2016-06-13,28.80848899311889,29.01041765428561,28.404631670785456,28.47194122450769,244372.986
2016-06-14,28.47194122450769,28.741179439396657,28.404631670785456,28.47194122450769,136060.353
2016-06-15,28.539250778229928,28.741179439396657,28.539250778229928,28.60656033195217,267968.844
2016-06-16,28.60656033195217,28.673869885674417,28.270012563340973,28.47194122450769,234459.225
2016-06-19,28.47194122450769,28.60656033195217,28.20270300961873,28.270012563340973,278708.859
2016-06-20,28.270012563340973,28.404631670785456,28.20270300961873,28.270012563340973,175894.28999999998
2016-06-21,28.270012563340973,28.673869885674417,28.270012563340973,28.539250778229928,152539.101
2016-06-22,28.404631670785456,28.80848899311889,28.404631670785456,28.47194122450769,271688.274
2016-06-23,28.673869885674417,28.673869885674417,28.404631670785456,28.47194122450769,241226.271
2016-06-26,28.47194122450769,28.673869885674417,28.337322117063213,28.404631670785456,250988.166
2016-06-27,28.404631670785456,28.741179439396657,28.337322117063213,28.60656033195217,209845.35
2016-06-28,28.673869885674417,28.875798546841136,28.60656033195217,28.80848899311889,91980.603
2016-06-29,28.875798546841136,29.414274976619065,28.875798546841136,29.34696542289682,410354.802
2016-06-30,29.34696542289682,29.34696542289682,29.01041765428561,29.21234631545234,125746.335
2016-07-10,28.60656033195217,29.21234631545234,28.60656033195217,28.875798546841136,94095.144
2016-07-11,28.94310810056338,28.94310810056338,28.673869885674417,28.80848899311889,159981.822
2016-07-12,28.741179439396657,28.94310810056338,28.60656033195217,28.80848899311889,184934.178
2016-07-13,28.80848899311889,29.145036761730097,28.673869885674417,29.07772720800785,476932.599
2016-07-14,29.145036761730097,29.34696542289682,28.94310810056338,29.21234631545234,271527.399
2016-07-17,29.01041765428561,29.07772720800785,28.741179439396657,28.80848899311889,316679.22
2016-07-18,28.80848899311889,29.01041765428561,28.60656033195217,28.741179439396657,340226.172
2016-07-19,28.60656033195217,28.80848899311889,28.404631670785456,28.47194122450769,374281.479
2016-07-20,28.539250778229928,28.875798546841136,28.47194122450769,28.673869885674417,158246.946
2016-07-21,28.673869885674417,28.741179439396657,28.60656033195217,28.60656033195217,204743.682
2016-07-24,28.673869885674417,28.875798546841136,28.539250778229928,28.60656033195217,145177.46099999998
2016-07-25,28.539250778229928,28.539250778229928,28.20270300961873,28.404631670785456,309962.367
2016-07-26,28.47194122450769,28.60656033195217,28.270012563340973,28.337322117063213,241750.08
2016-07-27,28.337322117063213,28.60656033195217,28.270012563340973,28.404631670785456,128741.18399999998
2016-07-28,28.47194122450769,28.539250778229928,28.270012563340973,28.337322117063213,156442.572
2016-07-31,28.337322117063213,28.404631670785456,28.000774348452005,28.13539345589649,222553.188
2016-08-01,27.933464794729773,28.270012563340973,27.933464794729773,28.06808390217425,111505.68
2016-08-02,28.13539345589649,28.404631670785456,28.06808390217425,28.337322117063213,152467.02899999998
2016-08-03,28.47194122450769,28.539250778229928,28.06808390217425,28.20270300961873,168468.3
2016-08-04,28.270012563340973,28.270012563340973,27.933464794729773,28.06808390217425,319296.978
2016-08-07,28.06808390217425,28.13539345589649,27.86615524100753,28.06808390217425,236894.229
2016-08-08,28.06808390217425,29.414274976619065,27.86615524100753,29.07772720800785,727599.0149999999
2016-08-09,29.27965586917458,29.34696542289682,28.741179439396657,29.01041765428561,359469.39599999995
2016-08-10,29.07772720800785,29.145036761730097,28.60656033195217,28.673869885674417,272272.572
2016-08-11,28.673869885674417,29.07772720800785,28.60656033195217,28.875798546841136,300568.554
2016-08-14,28.80848899311889,28.875798546841136,28.337322117063213,28.47194122450769,440121.825
2016-08-16,28.875798546841136,28.875798546841136,28.337322117063213,28.673869885674417,118129.869
2016-08-17,28.60656033195217,28.673869885674417,28.404631670785456,28.47194122450769,174920.03100000002
2016-08-18,28.741179439396657,28.94310810056338,28.337322117063213,28.80848899311889,343088.46
2016-08-21,29.07772720800785,29.952751406396978,29.01041765428561,29.81813229895249,916067.295
2016-08-22,29.885441852674745,29.952751406396978,29.21234631545234,29.27965586917458,460549.089
2016-08-23,29.21234631545234,29.414274976619065,28.94310810056338,29.01041765428561,454631.463
2016-08-24,29.01041765428561,29.21234631545234,28.875798546841136,29.07772720800785,291681.819
2016-08-28,29.21234631545234,29.75082274523026,29.145036761730097,29.548894084063537,464581.26
2016-08-29,29.61620363778578,29.61620363778578,28.94310810056338,29.01041765428561,307399.94999999995
2016-08-30,28.94310810056338,29.21234631545234,28.741179439396657,28.80848899311889,191373.039
2016-08-31,29.01041765428561,29.07772720800785,28.673869885674417,28.80848899311889,166307.427
2016-09-01,28.875798546841136,29.21234631545234,28.80848899311889,28.875798546841136,172309.995
2016-09-04,29.21234631545234,29.21234631545234,28.673869885674417,28.673869885674417,323192.727
2016-09-05,28.875798546841136,28.94310810056338,28.673869885674417,28.741179439396657,179367.903
2016-09-06,28.875798546841136,28.94310810056338,28.673869885674417,28.875798546841136,111599.631
2016-09-07,29.01041765428561,29.145036761730097,28.94310810056338,29.01041765428561,148183.893
2016-09-08,29.01041765428561,29.145036761730097,28.875798546841136,29.07772720800785,232147.773
2016-09-18,29.145036761730097,30.08737051384147,29.01041765428561,29.885441852674745,945968.166
2016-09-19,30.08737051384147,31.568180695730756,30.08737051384147,30.55853738989715,1956682.728
2016-09-20,30.55853738989715,31.09701381967507,30.15468006756371,30.55853738989715,733573.269
2016-09-21,30.89508515850835,30.89508515850835,30.15468006756371,30.423918282452664,798655.5719999999
2016-09-22,30.423918282452664,30.423918282452664,29.885441852674745,30.020060960119224,657832.0319999999
2016-09-25,30.55853738989715,30.55853738989715,29.885441852674745,29.952751406396978,556207.938
2016-09-26,29.885441852674745,30.356608728730425,29.75082274523026,30.020060960119224,384541.443
2016-09-27,30.08737051384147,30.55853738989715,30.08737051384147,30.28929917500819,651786.993
2016-09-28,30.356608728730425,30.356608728730425,29.81813229895249,29.885441852674745,417758.913
2016-09-29,29.952751406396978,30.15468006756371,29.548894084063537,29.68351319150802,660915.684
2016-10-02,29.81813229895249,30.08737051384147,29.481584530341294,29.75082274523026,509169.375
2016-10-03,29.952751406396978,30.491227836174897,29.81813229895249,29.952751406396978,683193.654
2016-10-04,30.020060960119224,30.15468006756371,29.75082274523026,29.952751406396978,241226.271
2016-10-05,30.15468006756371,30.15468006756371,29.885441852674745,29.952751406396978,292011.291
2016-10-06,30.020060960119224,30.221989621285932,29.952751406396978,30.08737051384147,208275.21
2016-10-09,30.08737051384147,30.08737051384147,29.61620363778578,29.75082274523026,308221.056
2016-10-10,29.68351319150802,29.885441852674745,29.414274976619065,29.481584530341294,186522.336
2016-10-13,29.548894084063537,29.548894084063537,29.01041765428561,29.145036761730097,159047.46
2016-10-16,29.145036761730097,29.27965586917458,28.673869885674417,28.741179439396657,438291.711
2016-10-17,28.80848899311889,29.07772720800785,28.60656033195217,28.875798546841136,380752.515
2016-10-18,29.01041765428561,29.01041765428561,28.741179439396657,28.80848899311889,235908.387
2016-10-19,28.741179439396657,28.80848899311889,28.404631670785456,28.60656033195217,238757.805
2016-10-20,28.673869885674417,28.875798546841136,28.13539345589649,28.270012563340973,240397.443
2016-10-23,28.270012563340973,28.337322117063213,28.000774348452005,28.13539345589649,254425.743
2016-10-24,28.673869885674417,28.673869885674417,28.270012563340973,28.47194122450769,198441.243
2016-10-25,28.47194122450769,28.539250778229928,28.06808390217425,28.270012563340973,172822.22100000002
2016-10-26,28.539250778229928,28.539250778229928,27.933464794729773,28.000774348452005,187772.013
2016-10-27,28.270012563340973,28.875798546841136,27.933464794729773,28.06808390217425,645777.99
2016-10-30,28.20270300961873,28.20270300961873,27.46229791867409,27.596917026118568,210358.863
2016-10-31,27.86615524100753,27.86615524100753,27.52960747239632,27.66422657984081,222488.838
2016-11-01,27.798845687285286,28.06808390217425,27.731536133563047,27.86615524100753,199011.384
2016-11-02,27.596917026118568,28.60656033195217,27.596917026118568,28.20270300961873,219618.828
2016-11-03,28.404631670785456,28.80848899311889,28.20270300961873,28.741179439396657,412780.797
2016-11-06,28.80848899311889,28.80848899311889,28.337322117063213,28.47194122450769,193331.853
2016-11-07,28.60656033195217,28.673869885674417,28.270012563340973,28.270012563340973,556808.967
2016-11-08,28.337322117063213,28.741179439396657,28.337322117063213,28.60656033195217,218089.872
2016-11-09,28.673869885674417,28.741179439396657,28.337322117063213,28.404631670785456,236336.958
2016-11-10,28.60656033195217,28.60656033195217,28.20270300961873,28.270012563340973,291315.024
2016-11-13,28.270012563340973,29.07772720800785,28.13539345589649,29.01041765428561,416434.59
2016-11-14,29.07772720800785,29.145036761730097,28.404631670785456,28.539250778229928,185926.455
2016-11-15,28.875798546841136,30.15468006756371,28.875798546841136,29.81813229895249,1179910.0169999998
2016-11-16,30.15468006756371,31.09701381967507,30.15468006756371,31.029704265952827,2392273.026
2016-11-17,31.23163292711955,33.04899087762004,31.1643233733973,32.241276232953155,4105169.64
2016-11-20,32.51051444784213,32.57782400156435,31.568180695730756,31.70279980317524,2072176.821
2016-11-21,31.70279980317524,32.3085857866754,31.43356158828626,31.63549024945299,1789340.553
2016-11-22,31.837418910619707,31.837418910619707,31.1643233733973,31.29894248084179,1171976.949
2016-11-23,31.568180695730756,31.63549024945299,31.1643233733973,31.29894248084179,1806141.051
2016-11-24,31.29894248084179,31.29894248084179,31.29894248084179,31.29894248084179,0.0
2016-11-27,32.457141233436815,32.68464455983941,31.547127927826438,32.457141233436815,1388302.11
2016-11-28,32.83631344410781,34.201333402523375,32.83631344410781,34.04966451825498,3035254.95
2016-11-29,34.277167844657576,35.86969112947573,34.12549896038918,34.732174497462765,5712137.73
2016-11-30,34.80800893959696,36.32469778228093,34.58050561319437,36.021360013744136,2818471.4999999995
2016-12-01,36.32469778228093,37.689717740696494,35.94552557160994,37.53804885642809,4268666.609999999
2016-12-04,37.6138832985623,39.28224102551465,37.6138832985623,38.82723437270946,4264914.42
2016-12-05,39.13057214124626,40.11641988899083,38.90306881484366,39.73724767831985,3919538.61
2016-12-06,39.88891656258824,40.11641988899083,38.675565488441066,38.97890325697786,2337145.2
2016-12-07,39.13057214124626,42.846459805821965,38.675565488441066,42.69479092155357,6206236.92
2016-12-08,43.07396313222456,45.04565862771371,42.99812869009037,44.43898309064013,4382804.79
2016-12-11,44.66648641704273,44.66648641704273,42.846459805821965,42.99812869009037,3930512.04
2016-12-12,43.45313534289555,47.24485744960547,42.46728759515098,46.86568523893447,4341336.48
2016-12-14,47.01735412320287,50.20240069283919,47.01735412320287,48.60987740802102,4301647.739999999
2016-12-15,48.15487075521584,52.553268398999336,47.851532986679054,50.12656625070498,5277409.02
2016-12-18,50.42990401924179,54.52496389448849,50.42990401924179,53.8424539152807,4149154.62
2016-12-19,54.37329501022009,55.28330831583048,52.02242730405994,52.78077172540192,3163579.38
2016-12-20,53.31161282034131,53.9941227995491,50.88491067204696,51.79492397765736,2768150.97
2016-12-21,52.78077172540192,53.084109493938726,50.809076229912776,51.41575176698636,1557865.5299999998
2016-12-22,51.64325509338895,52.477433956865134,50.65740734564437,52.09826174619415,1125689.76
2016-12-26,52.32576507259674,56.34499050570924,52.32576507259674,55.510811642233065,2838429.36
2016-12-27,56.041652737172456,56.72416271638023,51.56742065125477,53.31161282034131,3381132.69
2016-12-28,54.221626125951694,55.510811642233065,53.084109493938726,54.449129452354285,2132956.8
2016-12-29,55.28330831583048,57.33083825345381,55.05580498942788,55.66248052650146,2204414.55
2017-01-01,56.49665938997764,61.19839480229791,56.49665938997764,61.12256036016372,3788471.7
2017-01-02,61.19839480229791,63.85260027699488,60.74338814949273,61.42589812870052,2835473.94
2017-01-03,62.18424255004251,62.4875803185793,58.54418932760099,59.53003707534557,2911949.82
2017-01-04,60.59171926522434,61.65340145510311,58.92336153827199,59.75754040174816,2321072.91
2017-01-05,60.28838149668755,64.83844802473944,60.28838149668755,64.08010360339746,3797553.24
2017-01-08,65.14178579327624,68.25099792077836,65.14178579327624,66.5068057516918,4038891.48
2017-01-09,67.34098461516797,69.76768676346232,66.961812404497,68.02349459437575,2293071.3
2017-01-10,69.00934234212035,70.82936895334109,67.41681905730218,68.70600457358353,3003628.68
2017-01-11,69.69185232132813,71.36021004828048,63.85260027699488,65.74846133034983,3634695.09
2017-01-12,66.7343090780944,68.09932903650996,64.76261358260525,65.36928911967883,1946989.98
2017-01-15,65.97596465675241,65.97596465675241,62.94258697138448,64.00426916126327,2655932.76
2017-01-16,64.30760692980004,65.14178579327624,61.65340145510311,62.26007699217671,2359473.48
2017-01-17,62.56341476071351,64.45927581406846,60.06087817028496,61.19839480229791,2751763.95
2017-01-18,61.95673922363992,62.56341476071351,59.15086486467457,59.90920928601656,2225120.04
2017-01-19,59.985043728150735,60.21254705455336,56.875831600648624,58.847527096137775,2747963.79
2017-01-22,59.15086486467457,63.09425585565287,58.316686001198406,62.4875803185793,1748749.86
2017-01-23,63.24592473992128,64.08010360339746,59.15086486467457,62.26007699217671,1998412.65
2017-01-24,60.970891475895336,62.7150836449819,56.875831600648624,57.8616793483932,2533340.16
2017-01-25,56.875831600648624,59.68170595961397,53.9941227995491,55.28330831583048,2725830.9
2017-01-26,54.67663277875688,60.59171926522434,54.52496389448849,59.30253374894296,6516157.05
2017-01-29,59.83337484388237,61.80507033937151,58.62002376973518,59.53003707534557,3791781.63
2017-01-30,59.60587151747976,60.66755370735855,54.29746056808589,55.05580498942788,6070041.899999999
2017-01-31,55.738314968635656,58.92336153827199,55.35914275796467,58.16501711693,4438682.819999999
2017-02-01,58.46835488546679,60.06087817028496,56.79999715851443,57.255003811319625,3297515.13
2017-02-02,58.24085155906421,58.316686001198406,53.69078503101231,54.82830166302528,3577971.15
2017-02-05,55.96581829503825,57.17916936918544,54.37329501022009,55.88998385290406,2571376.86
2017-02-06,56.875831600648624,57.482507137722216,55.28330831583048,55.88998385290406,2737317.96
2017-02-07,56.64832827424603,56.64832827424603,55.05580498942788,55.28330831583048,2021373.9
2017-02-08,55.66248052650146,56.11748717930665,54.97997054729368,55.35914275796467,3265073.37
2017-02-09,56.11748717930665,60.21254705455336,55.43497720009886,59.60587151747976,4225221.0
2017-02-12,59.90920928601656,61.19839480229791,58.695858211869385,59.90920928601656,3815331.39
2017-02-13,59.90920928601656,60.66755370735855,56.79999715851443,56.95166604278283,3995521.92
2017-02-14,57.255003811319625,57.93751379052741,55.738314968635656,56.49665938997764,3473918.37
2017-02-15,56.875831600648624,58.99919598040617,55.96581829503825,57.02750048491703,2297785.23
2017-02-16,58.24085155906421,58.316686001198406,56.72416271638023,57.255003811319625,2359839.69
2017-02-19,58.08918267479579,58.92336153827199,57.63417602199061,58.0133482326616,2583645.48
2017-02-20,58.3925204433326,59.30253374894296,57.785844906259015,58.16501711693,2415668.58
2017-02-22,58.54418932760099,59.07503042254038,57.8616793483932,58.62002376973518,1962744.03
2017-02-23,59.07503042254038,62.18424255004251,59.07503042254038,62.0325736657741,5869708.649999999
2017-02-26,62.18424255004251,62.3359114343109,60.364215938821744,60.74338814949273,2915764.02
2017-02-27,60.59171926522434,60.970891475895336,59.53003707534557,59.68170595961397,1982539.26
2017-02-28,59.90920928601656,62.1084081079083,59.37836819107717,61.50173257083471,3026351.2499999995
2017-03-01,62.0325736657741,62.3359114343109,59.90920928601656,60.81922259162695,2435460.3
2017-03-02,60.970891475895336,64.08010360339746,59.68170595961397,63.09425585565287,5646478.499999999
2017-03-05,63.62509695059227,66.0517990988866,63.39759362418967,65.90013021461822,5821501.14
2017-03-06,65.824295772484,66.88597796236279,64.68677914047103,65.06595135114205,3620357.91
2017-03-07,65.06595135114205,67.11348128876539,65.06595135114205,65.59679244608142,2894575.32
2017-03-08,65.97596465675241,66.43097130955759,63.62509695059227,64.08010360339746,2633750.73
2017-03-09,64.83844802473944,65.74846133034983,63.70093139272647,64.00426916126327,2176975.71
2017-03-12,64.45927581406846,65.14178579327624,63.39759362418967,64.30760692980004,1345745.7
2017-03-13,64.45927581406846,65.44512356181302,63.32175918205547,63.549262508458064,1521682.11
2017-03-14,63.776765834860655,66.88597796236279,63.70093139272647,66.5068057516918,3131909.82
2017-03-15,66.7343090780944,68.17516347864417,66.27930242528919,66.88597796236279,3222442.08
2017-03-16,66.81014352022858,67.87182571010736,65.97596465675241,66.81014352022858,2927462.85
2017-03-19,67.11348128876539,69.54018343705974,66.20346798315501,69.16101122638874,3889654.47
2017-03-20,69.76768676346232,70.82936895334109,67.87182571010736,70.07102453199911,4816991.79
2017-03-21,70.5260311848043,71.89105114321988,69.46434899492553,70.82936895334109,3540830.67
2017-03-22,70.9052033954753,72.42189223815924,70.37436230053589,72.11855446962247,3679303.68
2017-03-23,72.42189223815924,73.02856777523283,70.98103783760948,71.20854116401209,3603704.13
2017-03-27,71.73938225895147,71.73938225895147,68.25099792077836,69.16101122638874,2586365.73
2017-03-28,69.08517678425453,69.99519008986492,67.34098461516797,67.79599126797318,3216596.76
2017-03-29,68.40266680504675,69.23684566852293,67.49265349943637,68.09932903650996,2453735.7
2017-03-30,68.25099792077836,69.69185232132813,68.25099792077836,69.23684566852293,1815642.27
2017-04-02,69.69185232132813,70.2226934162675,68.09932903650996,68.47850124718093,1330980.2999999998
2017-04-03,68.47850124718093,69.76768676346232,67.94766015224155,68.78183901571775,3339767.34
2017-04-04,69.31268011065714,69.54018343705974,66.81014352022858,67.64432238370479,2262674.7
2017-04-05,68.02349459437575,70.07102453199911,68.02349459437575,69.38851455279135,3145669.02
2017-04-06,69.69185232132813,71.4360444904147,69.69185232132813,70.29852785840171,2974616.19
2017-04-09,70.9052033954753,72.42189223815924,69.91935564773071,70.82936895334109,4096581.84
2017-04-10,71.2843756061463,71.89105114321988,69.99519008986492,71.05687227974369,3164592.6
2017-04-11,71.36021004828048,72.19438891175666,69.00934234212035,70.37436230053589,2027969.19
2017-04-12,70.5260311848043,70.9052033954753,69.46434899492553,70.07102453199911,2144339.73
2017-04-13,70.37436230053589,71.05687227974369,69.69185232132813,70.29852785840171,1629636.84
2017-04-16,70.37436230053589,70.82936895334109,68.32683236291255,69.38851455279135,1979927.82
2017-04-17,70.5260311848043,71.89105114321988,68.70600457358353,69.38851455279135,3738864.87
2017-04-18,69.76768676346232,69.76768676346232,66.582640193826,67.11348128876539,1477337.94
2017-04-19,67.34098461516797,68.78183901571775,66.3551368674234,67.03764684663119,1548955.98
2017-04-20,67.41681905730218,68.63017013144933,66.81014352022858,66.961812404497,1585023.5699999998
2017-04-23,69.38851455279135,69.38851455279135,64.38344137193425,64.76261358260525,1634002.11
2017-04-24,65.36928911967883,66.27930242528919,63.17009029778709,63.549262508458064,1833557.31
2017-04-25,64.30760692980004,65.67262688821562,64.30760692980004,65.14178579327624,2057088.15
2017-04-26,65.52095800394723,65.74846133034983,64.15593804553164,64.76261358260525,1750855.86
2017-04-27,64.99011690900782,65.59679244608142,63.39759362418967,63.85260027699488,1751051.2499999998
2017-04-30,64.45927581406846,64.61094469833687,62.18424255004251,63.01842141351867,1290251.43
2017-05-02,63.85260027699488,66.0517990988866,63.39759362418967,65.824295772484,1684987.2
2017-05-03,66.27930242528919,68.02349459437575,65.67262688821562,67.18931573089958,1873051.83
2017-05-04,67.11348128876539,67.64432238370479,65.67262688821562,66.43097130955759,1641831.7499999998
2017-05-07,66.6584746359602,67.49265349943637,65.67262688821562,66.20346798315501,2029078.35
2017-05-08,66.88597796236279,67.18931573089958,64.91428246687363,65.97596465675241,1785127.4999999998
2017-05-09,66.5068057516918,66.5068057516918,63.776765834860655,64.23177248766584,2262547.17
2017-05-11,64.68677914047103,65.824295772484,64.08010360339746,64.83844802473944,1242683.91
2017-05-14,65.29345467754462,67.87182571010736,65.29345467754462,66.81014352022858,3738154.68
2017-05-15,67.11348128876539,68.55433568931515,66.3551368674234,68.02349459437575,2417186.07
2017-05-16,68.40266680504675,68.47850124718093,65.44512356181302,66.20346798315501,2705729.13
2017-05-17,66.88597796236279,67.34098461516797,65.44512356181302,65.67262688821562,820558.44
2017-05-18,65.59679244608142,66.27930242528919,64.45927581406846,65.44512356181302,946163.79
2017-05-21,65.74846133034983,66.0517990988866,64.30760692980004,64.61094469833687,778236.0299999999
2017-05-22,65.29345467754462,65.59679244608142,64.38344137193425,64.53511025620266,819553.4099999999
2017-05-23,65.59679244608142,66.0517990988866,64.45927581406846,65.14178579327624,2676584.43
2017-05-24,65.44512356181302,66.20346798315501,64.15593804553164,64.45927581406846,1270215.18
2017-05-25,65.21762023541042,66.6584746359602,63.85260027699488,64.23177248766584,4030376.22
2017-05-28,65.06595135114205,65.52095800394723,63.70093139272647,64.15593804553164,909006.93
2017-05-29,64.68677914047103,64.99011690900782,62.1084081079083,62.4875803185793,1685525.4
2017-05-30,63.32175918205547,63.70093139272647,61.50173257083471,61.95673922363992,957683.61
2017-05-31,62.86675252925029,62.86675252925029,60.74338814949273,61.35006368656632,794950.6499999999
2017-06-01,61.72923589723732,62.639249202847694,60.81922259162695,61.95673922363992,949122.72
2017-06-04,61.95673922363992,63.39759362418967,57.710010464124814,62.94258697138448,3600951.12
2017-06-05,63.17009029778709,63.70093139272647,62.56341476071351,62.86675252925029,589148.82
2017-06-06,62.86675252925029,62.86675252925029,60.66755370735855,60.81922259162695,2089710.09
2017-06-07,61.65340145510311,62.4117458764451,60.66755370735855,61.72923589723732,1002275.82
2017-06-08,61.80507033937151,62.56341476071351,60.89505703376113,61.12256036016372,717534.09
2017-06-11,62.0325736657741,62.18424255004251,60.74338814949273,61.12256036016372,471889.08
2017-06-12,61.35006368656632,61.72923589723732,60.66755370735855,60.81922259162695,481018.59
2017-06-13,61.42589812870052,61.57756701296891,60.66755370735855,60.81922259162695,710681.3999999999
2017-06-14,61.274229244432135,61.42589812870052,60.51588482309015,60.74338814949273,537102.5399999999
2017-06-15,61.35006368656632,61.35006368656632,59.985043728150735,60.66755370735855,533739.96
2017-06-18,61.12256036016372,61.19839480229791,60.06087817028496,60.440050380955945,657304.83
2017-06-19,60.89505703376113,60.89505703376113,59.07503042254038,59.985043728150735,625850.5499999999
2017-06-20,60.66755370735855,60.66755370735855,59.15086486467457,59.90920928601656,868031.19
2017-06-21,60.364215938821744,62.56341476071351,60.21254705455336,62.0325736657741,1270926.5399999998
2017-06-22,62.18424255004251,63.549262508458064,61.65340145510311,63.09425585565287,2159686.62
2017-06-28,63.39759362418967,63.70093139272647,61.72923589723732,62.26007699217671,1111035.51
2017-06-29,62.86675252925029,62.86675252925029,61.42589812870052,61.80507033937151,995137.65
2017-07-02,62.1084081079083,62.18424255004251,60.89505703376113,61.57756701296891,1713015.7199999995
2017-07-03,61.57756701296891,62.1084081079083,60.89505703376113,61.95673922363992,624680.5499999999
2017-07-04,62.0325736657741,62.639249202847694,61.35006368656632,62.26007699217671,1226181.0599999998
2017-07-05,62.56341476071351,63.01842141351867,61.8809047815057,62.3359114343109,889850.5199999999
2017-07-06,62.4117458764451,62.94258697138448,61.35006368656632,61.50173257083471,1007056.44
2017-07-09,61.50173257083471,61.50173257083471,61.50173257083471,61.50173257083471,0.0
2017-07-10,62.18424255004251,62.18424255004251,61.19839480229791,61.35006368656632,812342.7
2017-07-11,61.42589812870052,61.57756701296891,60.51588482309015,60.74338814949273,939528.72
2017-07-12,60.74338814949273,60.89505703376113,59.15086486467457,59.60587151747976,645528.7799999999
2017-07-13,60.440050380955945,60.440050380955945,58.92336153827199,59.83337484388237,400492.17
2017-07-16,59.68170595961397,62.0325736657741,59.15086486467457,61.50173257083471,1336158.72
2017-07-17,61.8809047815057,61.8809047815057,60.66755370735855,60.81922259162695,787026.24
2017-07-18,60.970891475895336,61.04672591802952,59.90920928601656,60.06087817028496,487061.64
2017-07-19,59.985043728150735,60.51588482309015,59.22669930680877,59.45420263321136,856810.8899999999
2017-07-20,59.60587151747976,61.12256036016372,59.22669930680877,60.59171926522434,560173.7699999999
2017-07-23,60.13671261241915,62.18424255004251,59.90920928601656,61.8809047815057,1463719.14
2017-07-24,62.1084081079083,62.7150836449819,61.42589812870052,61.57756701296891,655818.9299999999
2017-07-25,62.0325736657741,62.1084081079083,61.12256036016372,61.65340145510311,408326.49
2017-07-26,61.8809047815057,62.4875803185793,61.42589812870052,61.95673922363992,181550.07
2017-07-27,62.18424255004251,62.7150836449819,62.0325736657741,62.4117458764451,697167.8999999999
2017-07-30,62.56341476071351,62.79091808711608,61.80507033937151,62.18424255004251,620470.8899999999
2017-07-31,62.18424255004251,62.639249202847694,61.42589812870052,62.26007699217671,840797.1
2017-08-01,62.56341476071351,62.7150836449819,61.50173257083471,61.65340145510311,572593.32
2017-08-02,62.18424255004251,62.94258697138448,60.59171926522434,60.81922259162695,634014.8099999999
2017-08-03,60.81922259162695,61.04672591802952,59.75754040174816,60.06087817028496,728826.9299999999
2017-08-06,60.28838149668755,61.35006368656632,60.06087817028496,60.28838149668755,279961.11
2017-08-07,60.81922259162695,60.81922259162695,59.60587151747976,59.83337484388237,342934.02
2017-08-08,59.985043728150735,60.364215938821744,59.15086486467457,59.53003707534557,443378.52
2017-08-09,59.985043728150735,60.13671261241915,59.15086486467457,59.22669930680877,456819.48
2017-08-10,60.06087817028496,60.06087817028496,58.99919598040617,59.15086486467457,418304.25
2017-08-13,59.68170595961397,59.68170595961397,58.99919598040617,59.07503042254038,157139.18999999997
2017-08-16,58.77169265400358,59.22669930680877,58.24085155906421,58.3925204433326,370682.91
2017-08-17,58.77169265400358,58.99919598040617,57.63417602199061,57.93751379052741,327010.31999999995
2017-08-20,58.77169265400358,62.0325736657741,58.77169265400358,61.57756701296891,1972111.05
2017-08-21,62.18424255004251,63.32175918205547,62.18424255004251,62.4875803185793,2340563.94
2017-08-22,62.7150836449819,63.24592473992128,61.8809047815057,63.01842141351867,2129273.64
2017-08-23,63.09425585565287,64.08010360339746,62.18424255004251,62.86675252925029,1371331.2599999998
2017-08-24,62.7150836449819,64.08010360339746,62.18424255004251,63.776765834860655,2428117.38
2017-08-27,64.68677914047103,64.68677914047103,61.8809047815057,62.1084081079083,3394113.84
2017-08-28,62.94258697138448,62.94258697138448,61.04672591802952,61.274229244432135,1502503.47
2017-08-29,61.57756701296891,61.72923589723732,59.68170595961397,59.83337484388237,1108336.3199999998
2017-08-30,60.13671261241915,60.66755370735855,59.30253374894296,59.68170595961397,420373.98
2017-08-31,60.51588482309015,60.89505703376113,59.90920928601656,60.51588482309015,566320.95
2017-09-04,61.35006368656632,61.50173257083471,59.985043728150735,60.28838149668755,493879.23
2017-09-05,60.440050380955945,60.74338814949273,59.53003707534557,59.75754040174816,753889.4999999999
2017-09-06,59.90920928601656,60.59171926522434,59.22669930680877,59.37836819107717,402394.59
2017-09-07,59.53003707534557,59.68170595961397,58.99919598040617,59.15086486467457,345792.33
2017-09-10,59.15086486467457,60.59171926522434,58.99919598040617,59.45420263321136,426604.23
2017-09-11,59.53003707534557,60.28838149668755,59.37836819107717,59.75754040174816,329331.6
2017-09-12,59.985043728150735,60.21254705455336,58.92336153827199,59.15086486467457,588390.6599999999
2017-09-13,59.30253374894296,59.90920928601656,58.847527096137775,59.07503042254038,529173.45
2017-09-14,59.07503042254038,60.06087817028496,59.07503042254038,59.83337484388237,704786.94
2017-09-17,60.13671261241915,60.74338814949273,59.68170595961397,59.83337484388237,823399.2
2017-09-18,60.06087817028496,60.66755370735855,59.30253374894296,60.13671261241915,1637030.0699999998
2017-09-19,60.13671261241915,60.13671261241915,60.13671261241915,60.13671261241915,0.0
2017-09-20,60.871661701324015,61.49736160133764,59.44149050129291,59.53087620129485,1092971.0
2017-09-21,59.53087620129485,59.97780470130457,57.20684800124431,57.47500510125015,293130.0
2017-09-24,57.564390801252095,58.01131930126181,57.20684800124431,57.3856194012482,251142.0
2017-09-25,57.29623370124624,57.3856194012482,55.68729110121126,55.95544820121709,346914.0
2017-09-26,56.04483390121904,57.20684800124431,56.04483390121904,56.84930520123653,203374.0
2017-09-27,56.5811481012307,56.759919501234585,55.7766768012132,56.223605301222925,175175.0
2017-09-28,56.31299100122487,56.31299100122487,54.34650560118209,54.70404840118987,292148.0
2017-10-02,54.167734201178206,56.223605301222925,52.38002020113933,52.7375630011471,412798.0
2017-10-03,53.89957710117237,55.32974830120348,52.558791601143206,53.00572010115293,486657.0
2017-10-04,53.5420343011646,56.759919501234585,53.5420343011646,56.31299100122487,262376.0
2017-10-05,56.31299100122487,58.19009070126569,56.04483390121904,56.31299100122487,674309.0
2017-10-08,56.759919501234585,57.65377650125403,56.5811481012307,57.02807660124042,241512.0
2017-10-09,57.564390801252095,58.10070500126375,56.93869090123847,57.65377650125403,415758.0
2017-10-10,58.01131930126181,58.01131930126181,57.20684800124431,57.29623370124624,135505.0
2017-10-11,57.74316220125596,58.547633501273474,56.84930520123653,57.29623370124624,755875.0
2017-10-12,57.47500510125015,57.65377650125403,56.223605301222925,56.49176240122876,138791.0
2017-10-15,56.40237670122681,56.759919501234585,54.25711990118016,54.43589130118404,188872.0
2017-10-16,54.43589130118404,54.79343410119181,53.45264860116264,53.72080570116849,245327.0
2017-10-17,53.72080570116849,54.88281980119376,53.5420343011646,54.61466270118793,319699.0
2017-10-18,54.61466270118793,56.223605301222925,53.98896280117432,55.24036260120154,144078.0
2017-10-19,55.24036260120154,56.04483390121904,54.43589130118404,54.525277001185984,200597.0
2017-10-22,54.525277001185984,54.70404840118987,54.167734201178206,54.34650560118209,166531.0
2017-10-23,54.61466270118793,55.50851970120737,53.5420343011646,53.81019140117043,544882.0
2017-10-24,53.89957710117237,54.88281980119376,53.63142000116654,53.81019140117043,124686.0
2017-10-25,54.25711990118016,54.43589130118404,53.45264860116264,53.89957710117237,135231.0
2017-10-26,53.89957710117237,54.79343410119181,52.91633440115099,53.36326290116071,167018.0
2017-10-29,53.89957710117237,53.89957710117237,52.558791601143206,53.27387720115877,317174.0
2017-10-30,53.63142000116654,54.525277001185984,52.29063450113738,52.558791601143206,391669.0
2017-10-31,53.27387720115877,53.27387720115877,52.38002020113933,52.82694870114904,124360.0
2017-11-01,52.91633440115099,53.63142000116654,52.7375630011471,53.09510580115487,161416.0
2017-11-02,53.63142000116654,53.89957710117237,53.45264860116264,53.81019140117043,166880.0
2017-11-05,53.81019140117043,54.525277001185984,53.63142000116654,53.72080570116849,103134.0
2017-11-06,54.43589130118404,54.43589130118404,52.46940590114127,52.558791601143206,668424.0
2017-11-07,52.558791601143206,53.09510580115487,51.48616320111988,51.66493460112376,621359.0
2017-11-08,51.84370600112766,52.29063450113738,49.87722060108488,49.96660630108683,766649.0
2017-11-09,50.05599200108877,50.77107760110432,49.16213500106932,49.698449201081,665166.0
2017-11-12,50.05599200108877,51.39677750111794,49.5196778010771,50.68169190110238,569269.0
2017-11-13,51.21800610111404,53.09510580115487,50.77107760110432,52.38002020113933,970791.0
2017-11-14,52.91633440115099,53.45264860116264,51.84370600112766,52.20124880113543,578959.0
2017-11-15,53.36326290116071,56.13421960122098,52.91633440115099,55.41913400120542,1665937.0
2017-11-16,56.13421960122098,56.759919501234585,55.50851970120737,55.86606250121515,1154565.0
2017-11-19,55.7766768012132,56.223605301222925,54.70404840118987,54.9722055011957,604532.0
2017-11-20,54.9722055011957,57.564390801252095,54.70404840118987,57.11746230124236,1195869.0
2017-11-21,57.20684800124431,60.69289030132013,57.11746230124236,60.33534750131236,1929168.0
2017-11-22,60.33534750131236,60.60350460131819,58.72640490127736,59.17333340128709,1054473.0
2017-11-23,59.17333340128709,59.97780470130457,58.27947640126765,59.44149050129291,747710.0
2017-11-26,60.067190401306526,62.48060430135902,59.88841900130264,61.76551870134346,1676153.0
2017-11-27,62.48060430135902,63.463847001380415,61.49736160133764,61.85490440134541,2043178.0
2017-11-28,61.94429010134734,62.39121860135706,59.97780470130457,60.245961801310415,1142229.0
2017-11-29,60.245961801310415,61.67613300134152,59.17333340128709,61.40797590133569,638719.0
2017-11-30,61.67613300134152,62.39121860135706,59.97780470130457,60.69289030132013,535658.0
2017-12-03,60.78227600132208,61.05043310132791,59.88841900130264,60.51411890131625,507353.0
2017-12-04,60.78227600132208,61.58674730133959,59.70964760129875,59.88841900130264,498971.0
2017-12-05,60.245961801310415,60.245961801310415,58.99456200128319,59.26271910128903,388816.0
2017-12-06,59.26271910128903,59.70964760129875,58.10070500126375,58.547633501273474,400456.0
2017-12-07,58.27947640126765,58.72640490127736,57.3856194012482,57.65377650125403,254780.0
2017-12-10,57.921933601259866,57.921933601259866,56.223605301222925,56.40237670122681,358838.0
2017-12-11,56.759919501234585,57.921933601259866,56.49176240122876,57.3856194012482,283913.0
2017-12-12,57.921933601259866,58.10070500126375,56.84930520123653,57.20684800124431,300351.0
2017-12-13,57.02807660124042,57.29623370124624,56.04483390121904,56.40237670122681,290365.0
2017-12-14,57.11746230124236,58.19009070126569,56.5811481012307,57.02807660124042,180712.0
2017-12-17,57.832547901257925,58.10070500126375,56.49176240122876,56.67053380123264,127933.0
2017-12-18,56.93869090123847,57.11746230124236,56.67053380123264,56.84930520123653,95596.0
2017-12-19,56.759919501234585,57.564390801252095,56.223605301222925,56.49176240122876,252902.0
2017-12-20,56.84930520123653,56.84930520123653,55.86606250121515,56.40237670122681,248133.0
2017-12-21,55.86606250121515,58.01131930126181,55.86606250121515,57.29623370124624,943490.0
2017-12-24,57.3856194012482,57.65377650125403,56.49176240122876,56.5811481012307,315767.0
2017-12-26,56.31299100122487,56.759919501234585,55.50851970120737,55.68729110121126,571574.0
2017-12-27,56.04483390121904,56.223605301222925,54.525277001185984,54.79343410119181,273835.0
2017-12-28,56.31299100122487,56.31299100122487,54.79343410119181,55.24036260120154,222970.0
2018-01-01,55.95544820121709,55.95544820121709,55.24036260120154,55.59790540120932,258713.0
2018-01-02,55.59790540120932,57.29623370124624,55.59790540120932,56.5811481012307,560599.0
2018-01-03,56.759919501234585,57.3856194012482,56.759919501234585,57.20684800124431,265857.0
2018-01-04,57.20684800124431,57.74316220125596,56.84930520123653,56.93869090123847,525080.0
2018-01-07,56.84930520123653,57.29623370124624,56.5811481012307,56.67053380123264,209283.0
2018-01-08,56.759919501234585,57.20684800124431,56.13421960122098,56.49176240122876,191688.0
2018-01-09,56.84930520123653,56.84930520123653,55.86606250121515,55.95544820121709,200085.0
2018-01-10,55.86606250121515,56.223605301222925,55.15097690119959,55.68729110121126,228568.0
2018-01-11,55.50851970120737,55.68729110121126,54.88281980119376,55.41913400120542,164720.0
2018-01-14,55.50851970120737,55.50851970120737,54.43589130118404,54.61466270118793,119884.0
2018-01-15,55.24036260120154,56.223605301222925,53.81019140117043,54.07834850117626,138878.0
2018-01-16,54.34650560118209,55.32974830120348,53.89957710117237,54.88281980119376,70955.0
2018-01-17,55.50851970120737,55.50851970120737,54.167734201178206,54.61466270118793,100823.0
2018-01-18,55.06159120119764,55.06159120119764,54.167734201178206,54.25711990118016,62572.0
2018-01-21,54.79343410119181,54.79343410119181,53.63142000116654,54.07834850117626,130906.0
2018-01-22,53.63142000116654,53.89957710117237,52.91633440115099,53.18449150115682,169084.0
2018-01-23,53.18449150115682,53.36326290116071,51.84370600112766,52.648177301145154,195045.0
2018-01-24,52.648177301145154,52.648177301145154,52.648177301145154,52.648177301145154,0.0
2018-01-25,51.933091701129605,52.648177301145154,49.698449201081,51.84370600112766,155912.0
2018-01-28,51.84370600112766,51.84370600112766,51.30739180111599,51.66493460112376,97061.0
2018-01-29,51.39677750111794,52.558791601143206,51.39677750111794,52.38002020113933,822562.0
2018-01-30,52.7375630011471,54.25711990118016,52.38002020113933,53.89957710117237,689211.0
2018-01-31,54.525277001185984,54.525277001185984,51.84370600112766,52.022477401131546,519877.0
2018-02-01,52.558791601143206,52.558791601143206,51.48616320111988,51.66493460112376,376184.0
2018-02-04,51.66493460112376,51.66493460112376,50.68169190110238,50.860463301106265,273043.0
2018-02-05,50.860463301106265,50.94984900110822,49.16213500106932,49.87722060108488,300746.0
2018-02-06,50.05599200108877,50.77107760110432,50.05599200108877,50.59230620110044,114590.0
2018-02-07,49.43029210107516,50.59230620110044,49.43029210107516,50.14537770109072,181107.0
2018-02-08,50.68169190110238,50.68169190110238,49.78783490108294,50.324149101094605,66514.0
2018-02-11,50.860463301106265,51.84370600112766,50.77107760110432,51.66493460112376,722336.0
2018-02-12,51.75432030112571,52.558791601143206,50.68169190110238,51.21800610111404,267698.0
2018-02-13,51.84370600112766,51.84370600112766,50.502920501098494,51.48616320111988,633210.0
2018-02-14,51.1286204011121,52.022477401131546,50.94984900110822,51.30739180111599,335464.0
2018-02-15,51.57554890112182,52.558791601143206,51.30739180111599,51.57554890112182,379161.0
2018-02-18,51.75432030112571,51.75432030112571,50.23476340109266,50.59230620110044,168404.0
2018-02-19,50.68169190110238,51.21800610111404,49.16213500106932,49.78783490108294,192904.0
2018-02-20,50.94984900110822,50.94984900110822,49.16213500106932,49.25152070107127,194754.0
2018-02-22,50.324149101094605,50.324149101094605,48.80459220106155,49.25152070107127,133829.0
2018-02-25,49.34090640107322,49.34090640107322,48.715206501059605,48.98336360106544,100400.0
2018-02-26,48.80459220106155,49.16213500106932,48.62582080105766,48.98336360106544,93515.0
2018-02-27,49.43029210107516,49.87722060108488,48.8939779010635,49.07274930106738,81601.0
2018-02-28,49.16213500106932,53.63142000116654,48.8939779010635,50.23476340109266,331239.0
2018-03-01,50.77107760110432,51.84370600112766,49.87722060108488,51.03923470111016,129612.0
2018-03-04,52.11186310113348,52.11186310113348,50.502920501098494,50.68169190110238,105823.0
2018-03-05,50.77107760110432,51.66493460112376,49.698449201081,49.78783490108294,198247.0
2018-03-06,50.77107760110432,50.77107760110432,49.5196778010771,50.324149101094605,118332.0
2018-03-07,49.87722060108488,50.324149101094605,49.698449201081,49.87722060108488,134270.0
2018-03-08,49.698449201081,50.05599200108877,49.34090640107322,50.05599200108877,72964.0
2018-03-11,50.05599200108877,50.05599200108877,48.715206501059605,49.07274930106738,305619.0
2018-03-12,49.07274930106738,49.60906350107904,48.00012090104406,48.35766370105184,203254.0
2018-03-13,48.35766370105184,48.53643510105572,46.48056400101101,47.01687820102267,167455.0
2018-03-14,48.17889230104794,48.26827800104988,47.01687820102267,47.91073520104211,625565.0
2018-03-15,48.089506601046,48.089506601046,47.37442100103044,47.73196380103822,101434.0
2018-03-18,47.91073520104211,48.44704940105378,47.01687820102267,47.19564960102655,104982.0
2018-03-19,47.28503530102849,47.37442100103044,45.0503928009799,45.31854990098572,316879.0
2018-03-20,45.31854990098572,45.31854990098572,43.53083590094684,44.06715010095851,252203.0
2018-03-21,44.424692900966285,44.424692900966285,42.72636460092934,42.90513600093323,348414.0
2018-03-22,44.06715010095851,44.06715010095851,41.56435050090407,43.08390740093712,692596.0
2018-03-25,43.88837870095462,44.2459215009624,42.90513600093323,43.26267880094101,145298.0
2018-03-27,43.35206450094295,43.35206450094295,41.56435050090407,41.92189330091185,111085.0
2018-03-28,42.100664700915736,42.45820750092352,41.29619340089824,41.65373620090601,144363.0
2018-03-29,41.65373620090601,44.69285000097212,41.47496480090212,43.53083590094684,336039.0
2018-04-01,44.06715010095851,45.13977850098184,43.79899300095268,44.78223570097406,335203.0
2018-04-02,44.961007100977945,48.17889230104794,44.871621400976,47.55319240103434,501486.0
2018-04-03,47.82134950104016,48.80459220106155,46.92749250102072,47.28503530102849,698896.0
2018-04-04,47.46380670103239,48.715206501059605,47.46380670103239,47.73196380103822,531570.0
2018-04-05,47.91073520104211,48.62582080105766,47.37442100103044,48.35766370105184,296285.0
2018-04-08,48.715206501059605,50.05599200108877,48.53643510105572,49.78783490108294,383873.0
2018-04-09,50.05599200108877,50.860463301106265,49.5196778010771,50.41353480109655,500354.0
2018-04-10,50.860463301106265,50.860463301106265,49.16213500106932,49.43029210107516,277827.0
2018-04-11,49.43029210107516,49.698449201081,48.26827800104988,48.35766370105184,329337.0
2018-04-12,48.62582080105766,48.80459220106155,47.64257810103627,48.00012090104406,769536.0
2018-04-15,48.715206501059605,48.715206501059605,47.82134950104016,48.17889230104794,191348.0
2018-04-16,48.26827800104988,48.26827800104988,47.19564960102655,47.91073520104211,170658.0
2018-04-17,48.53643510105572,48.53643510105572,46.92749250102072,47.10626390102462,244117.0
2018-04-18,47.19564960102655,48.089506601046,47.19564960102655,47.82134950104016,114719.0
2018-04-19,47.64257810103627,48.089506601046,47.55319240103434,47.82134950104016,187563.0
2018-04-22,47.82134950104016,48.00012090104406,47.37442100103044,47.64257810103627,77201.0
2018-04-23,47.46380670103239,47.55319240103434,47.19564960102655,47.37442100103044,46315.0
2018-04-24,47.73196380103822,48.26827800104988,47.19564960102655,48.00012090104406,163749.0
2018-04-25,47.82134950104016,47.82134950104016,47.01687820102267,47.19564960102655,350175.0
2018-04-26,47.01687820102267,48.62582080105766,46.748721101016834,47.19564960102655,329532.0
2018-04-30,47.91073520104211,47.91073520104211,44.69285000097212,45.76547840099545,567507.0
2018-05-03,46.48056400101101,47.37442100103044,46.123021201003226,46.48056400101101,121299.0
2018-05-06,47.28503530102849,47.37442100103044,46.30179260100711,46.65933540101489,480313.0
2018-05-07,46.92749250102072,47.28503530102849,46.65933540101489,46.838106801018775,269037.0
2018-05-08,46.92749250102072,47.10626390102462,46.56994970101295,46.92749250102072,227317.0
2018-05-09,47.28503530102849,47.37442100103044,46.748721101016834,47.19564960102655,234680.0
2018-05-10,47.82134950104016,50.502920501098494,47.82134950104016,50.05599200108877,1552448.0
2018-05-13,50.05599200108877,50.77107760110432,48.17889230104794,48.44704940105378,594432.0
2018-05-14,48.715206501059605,48.8939779010635,47.73196380103822,48.26827800104988,315533.0
2018-05-15,48.53643510105572,49.07274930106738,46.748721101016834,47.37442100103044,398506.0
2018-05-16,46.838106801018775,48.35766370105184,46.838106801018775,47.10626390102462,204051.0
2018-05-17,47.01687820102267,48.44704940105378,47.01687820102267,47.37442100103044,326129.0
2018-05-20,48.17889230104794,48.17889230104794,46.56994970101295,46.65933540101489,89876.0
2018-05-21,47.10626390102462,47.55319240103434,46.65933540101489,46.748721101016834,120378.0
2018-05-22,46.748721101016834,47.28503530102849,46.30179260100711,46.92749250102072,222091.0
2018-05-23,46.48056400101101,47.37442100103044,44.69285000097212,45.40793560098767,261812.0
2018-05-24,45.40793560098767,45.94424980099933,44.69285000097212,45.49732130098961,285753.0
2018-05-27,45.58670700099156,47.46380670103239,45.58670700099156,47.19564960102655,487024.0
2018-05-28,47.19564960102655,47.19564960102655,45.13977850098184,45.58670700099156,394841.0
2018-05-29,45.58670700099156,46.56994970101295,45.13977850098184,46.033635501001285,214566.0
2018-05-30,46.48056400101101,47.01687820102267,45.6760927009935,45.85486410099739,141014.0
2018-05-31,45.76547840099545,45.94424980099933,45.31854990098572,45.49732130098961,82271.0
2018-06-03,45.31854990098572,45.94424980099933,44.69285000097212,44.871621400976,186546.0
2018-06-04,46.92749250102072,46.92749250102072,44.156535800960455,44.603464300970174,305675.0
2018-06-05,44.961007100977945,45.31854990098572,44.603464300970174,45.13977850098184,130953.0
2018-06-06,44.78223570097406,45.49732130098961,44.33530720096434,45.0503928009799,334918.0
2018-06-07,45.58670700099156,45.94424980099933,44.51407860096823,44.78223570097406,186616.0
2018-06-10,45.6760927009935,45.6760927009935,43.79899300095268,43.97776440095656,187614.0
2018-06-11,43.97776440095656,44.2459215009624,43.79899300095268,43.88837870095462,125283.0
2018-06-12,43.88837870095462,44.2459215009624,43.62022160094878,43.79899300095268,101802.0
2018-06-18,43.88837870095462,44.156535800960455,43.08390740093712,43.26267880094101,123718.0
2018-06-19,43.17329310093906,44.156535800960455,43.17329310093906,43.88837870095462,120373.0
2018-06-20,44.424692900966285,45.31854990098572,44.06715010095851,44.603464300970174,180268.0
2018-06-21,44.78223570097406,45.6760927009935,44.603464300970174,45.22916420098378,268637.0
2018-06-24,45.85486410099739,49.698449201081,45.31854990098572,49.698449201081,1661639.0
2018-06-25,50.59230620110044,54.61466270118793,50.59230620110044,54.61466270118793,872826.0
2018-06-26,60.067190401306526,60.067190401306526,55.68729110121126,58.547633501273474,6689718.0
2018-06-27,58.99456200128319,61.58674730133959,58.63701920127541,59.88841900130264,2990375.0
2018-06-28,60.69289030132013,63.0169185013707,59.53087620129485,62.39121860135706,5396307.0
2018-07-02,62.30183290135514,64.89401820141151,59.17333340128709,60.067190401306526,4742850.0
2018-07-03,60.4247332013143,62.123061501351245,59.88841900130264,61.05043310132791,3422317.0
2018-07-04,62.0336758013493,64.00016120139206,61.2292045013318,61.58674730133959,2729471.0
2018-07-05,62.48060430135902,62.56999000136098,57.3856194012482,58.45824780127153,3248362.0
2018-07-08,58.99456200128319,64.26831830139791,57.564390801252095,63.28507560137651,6091011.0
2018-07-09,63.55323270138235,65.69848950142901,59.44149050129291,60.067190401306526,4264969.0
2018-07-10,60.871661701324015,63.91077550139013,60.78227600132208,62.6593757013629,4622735.0
2018-07-11,63.463847001380415,66.14541800143873,61.67613300134152,61.94429010134734,4509148.0
2018-07-12,62.48060430135902,63.463847001380415,59.083947701285126,59.799033301300696,2369563.0
2018-07-15,60.51411890131625,63.0169185013707,58.99456200128319,62.30183290135514,2593541.0
2018-07-16,63.463847001380415,63.6426184013843,60.067190401306526,60.51411890131625,2536356.0
2018-07-17,60.96104740132597,60.96104740132597,58.63701920127541,58.90517630128125,1668822.0
2018-07-18,59.083947701285126,59.53087620129485,56.49176240122876,57.564390801252095,1898847.0
2018-07-19,58.01131930126181,60.067190401306526,57.20684800124431,57.921933601259866,1338601.0
2018-07-22,58.81579060127931,58.81579060127931,56.49176240122876,56.84930520123653,1703708.0
2018-07-23,57.02807660124042,58.72640490127736,56.84930520123653,57.11746230124236,1429541.0
2018-07-24,58.27947640126765,58.27947640126765,55.95544820121709,56.31299100122487,867802.0
2018-07-25,57.3856194012482,57.3856194012482,53.98896280117432,54.61466270118793,1480319.0
2018-07-26,55.06159120119764,55.41913400120542,53.89957710117237,54.88281980119376,974803.0
2018-07-29,55.41913400120542,55.41913400120542,52.7375630011471,53.00572010115293,717821.0
2018-07-30,53.63142000116654,53.63142000116654,51.03923470111016,51.48616320111988,619927.0
2018-07-31,51.39677750111794,56.5811481012307,50.94984900110822,56.5811481012307,1187967.0
2018-08-01,57.921933601259866,59.44149050129291,55.50851970120737,56.13421960122098,1919663.0
2018-08-02,56.31299100122487,56.67053380123264,54.34650560118209,54.88281980119376,1110652.0
2018-08-05,55.7766768012132,56.223605301222925,53.63142000116654,53.89957710117237,623475.0
2018-08-06,54.525277001185984,54.525277001185984,52.7375630011471,52.82694870114904,583869.0
2018-08-07,53.98896280117432,54.525277001185984,52.91633440115099,53.18449150115682,557210.0
2018-08-08,53.18449150115682,55.7766768012132,53.09510580115487,53.45264860116264,729602.0
2018-08-09,53.63142000116654,54.07834850117626,52.11186310113348,52.38002020113933,696108.0
2018-08-12,52.46940590114127,52.91633440115099,51.48616320111988,51.75432030112571,499709.0
2018-08-13,52.20124880113543,52.46940590114127,50.502920501098494,50.860463301106265,670732.0
2018-08-14,50.860463301106265,51.48616320111988,50.68169190110238,50.77107760110432,265086.0
2018-08-16,51.03923470111016,51.933091701129605,50.94984900110822,51.75432030112571,282643.0
2018-08-19,52.20124880113543,52.7375630011471,51.30739180111599,51.66493460112376,402480.0
2018-08-20,51.39677750111794,52.91633440115099,51.39677750111794,52.46940590114127,367431.0
2018-08-26,52.7375630011471,52.7375630011471,51.84370600112766,52.20124880113543,201511.0
2018-08-27,52.20124880113543,53.09510580115487,51.39677750111794,51.66493460112376,558228.0
2018-08-28,51.933091701129605,54.34650560118209,51.66493460112376,54.07834850117626,1385693.0
2018-08-29,54.25711990118016,54.9722055011957,53.27387720115877,53.45264860116264,548952.0
2018-08-30,53.5420343011646,54.9722055011957,53.27387720115877,53.45264860116264,1046818.0
2018-09-03,54.07834850117626,54.07834850117626,52.38002020113933,52.558791601143206,512796.0
2018-09-04,52.648177301145154,53.45264860116264,51.75432030112571,51.84370600112766,740517.0
2018-09-05,51.933091701129605,54.34650560118209,51.84370600112766,53.45264860116264,761764.0
2018-09-06,53.45264860116264,54.70404840118987,52.7375630011471,53.00572010115293,1003941.0
2018-09-09,53.18449150115682,53.27387720115877,52.20124880113543,52.82694870114904,563813.0
2018-09-10,52.82694870114904,54.167734201178206,52.7375630011471,53.63142000116654,1042088.0
2018-09-11,53.89957710117237,57.20684800124431,53.89957710117237,55.41913400120542,2157355.0
2018-09-12,55.86606250121515,56.31299100122487,54.167734201178206,54.34650560118209,672004.0
2018-09-13,54.79343410119181,54.88281980119376,53.5420343011646,53.89957710117237,1047841.0
2018-09-16,54.34650560118209,54.43589130118404,52.46940590114127,52.648177301145154,613468.0
2018-09-17,52.648177301145154,52.91633440115099,51.84370600112766,52.022477401131546,401040.0
2018-09-18,52.022477401131546,52.558791601143206,51.84370600112766,52.022477401131546,372574.0
2018-09-19,52.022477401131546,52.648177301145154,51.57554890112182,51.66493460112376,537170.0
2018-09-20,51.933091701129605,52.558791601143206,51.30739180111599,51.75432030112571,383092.0
2018-09-23,52.29063450113738,52.29063450113738,50.14537770109072,50.502920501098494,391286.0
2018-09-24,50.94984900110822,50.94984900110822,47.55319240103434,48.089506601046,510533.0
2018-09-25,49.16213500106932,49.16213500106932,47.46380670103239,47.82134950104016,274648.0
2018-09-26,48.62582080105766,49.07274930106738,47.46380670103239,47.55319240103434,395938.0
2018-09-27,48.00012090104406,48.26827800104988,46.748721101016834,47.01687820102267,301924.0
2018-09-30,47.10626390102462,47.64257810103627,46.838106801018775,47.10626390102462,222710.0
2018-10-01,47.37442100103044,48.17889230104794,46.391178301009056,46.838106801018775,619567.0
2018-10-02,47.37442100103044,47.73196380103822,46.56994970101295,46.748721101016834,236643.0
2018-10-03,47.37442100103044,48.00012090104406,47.01687820102267,47.64257810103627,350098.0
2018-10-04,48.17889230104794,49.07274930106738,47.73196380103822,47.91073520104211,646188.0
2018-10-07,48.17889230104794,48.715206501059605,47.82134950104016,48.26827800104988,356620.0
2018-10-08,48.26827800104988,49.87722060108488,48.26827800104988,48.44704940105378,411879.0
2018-10-09,48.8939779010635,48.98336360106544,47.28503530102849,47.46380670103239,394965.0
2018-10-10,47.46380670103239,48.089506601046,46.92749250102072,47.37442100103044,423658.0
2018-10-11,47.73196380103822,48.44704940105378,47.19564960102655,48.17889230104794,331044.0
2018-10-14,48.715206501059605,48.715206501059605,47.64257810103627,47.73196380103822,221492.0
2018-10-15,47.64257810103627,47.91073520104211,47.10626390102462,47.19564960102655,194456.0
2018-10-16,47.28503530102849,47.73196380103822,46.65933540101489,47.28503530102849,192038.0
2018-10-17,47.82134950104016,47.82134950104016,46.56994970101295,46.65933540101489,181033.0
2018-10-18,46.838106801018775,46.92749250102072,46.48056400101101,46.56994970101295,254614.0
2018-10-21,47.01687820102267,47.01687820102267,45.6760927009935,45.94424980099933,309105.0
2018-10-22,45.76547840099545,45.76547840099545,44.871621400976,45.0503928009799,185676.0
2018-10-23,45.31854990098572,45.31854990098572,44.06715010095851,44.2459215009624,296335.0
2018-10-24,45.0503928009799,45.0503928009799,44.33530720096434,44.69285000097212,77595.0
2018-10-25,44.603464300970174,44.69285000097212,44.06715010095851,44.33530720096434,168850.0
2018-10-28,45.13977850098184,45.13977850098184,44.156535800960455,44.603464300970174,139520.0
2018-10-29,43.70960730095073,43.70960730095073,41.20680770089629,42.72636460092934,332242.0
2018-10-30,43.53083590094684,45.22916420098378,43.17329310093906,44.69285000097212,300723.0
2018-10-31,44.69285000097212,44.69285000097212,43.53083590094684,43.79899300095268,228516.0
2018-11-01,44.2459215009624,45.13977850098184,43.35206450094295,44.51407860096823,408994.0
2018-11-04,44.603464300970174,45.13977850098184,44.06715010095851,44.2459215009624,248054.0
2018-11-05,43.88837870095462,44.871621400976,43.88837870095462,44.06715010095851,219725.0
2018-11-06,44.06715010095851,44.06715010095851,42.6369789009274,42.90513600093323,178675.0
2018-11-07,43.4414502009449,43.62022160094878,42.99452170093517,43.17329310093906,147547.0
2018-11-08,43.08390740093712,43.35206450094295,41.56435050090407,42.368821800921566,251267.0
2018-11-11,42.45820750092352,43.26267880094101,42.45820750092352,42.547593200925455,150734.0
2018-11-12,42.6369789009274,42.99452170093517,41.56435050090407,42.100664700915736,136466.0
2018-11-13,42.6369789009274,42.6369789009274,41.65373620090601,41.8325076009099,133734.0
2018-11-14,42.368821800921566,42.368821800921566,41.74312190090796,41.8325076009099,88464.0
2018-11-15,42.368821800921566,42.81575030093129,41.65373620090601,42.01127900091379,307720.0
2018-11-18,41.8325076009099,42.81575030093129,41.8325076009099,42.547593200925455,115634.0
2018-11-19,42.90513600093323,43.08390740093712,40.938650600890455,41.0280363008924,901150.0
2018-11-20,42.01127900091379,42.90513600093323,41.0280363008924,42.6369789009274,438375.0
2018-11-22,42.6369789009274,42.6369789009274,42.6369789009274,42.6369789009274,0.0
2018-11-25,42.45359404543954,42.54528647318347,41.35328491251238,41.53666976800024,386532.0
2018-11-26,41.53666976800024,43.00374861190311,41.44497734025631,42.08682433446382,296629.0
2018-11-27,42.6369789009274,42.6369789009274,41.26159248476845,41.628362195744174,254948.0
2018-11-28,42.17851676220775,42.17851676220775,41.26159248476845,41.35328491251238,238726.0
2018-11-29,42.17851676220775,42.17851676220775,41.26159248476845,41.35328491251238,260524.0
2018-12-02,41.53666976800024,41.81174705123203,41.26159248476845,41.44497734025631,131276.0
2018-12-03,41.53666976800024,44.01236531708635,41.53666976800024,43.553903178366696,633184.0
2018-12-04,43.64559560611063,44.01236531708635,42.91205618415919,43.09544103964705,203858.0
2018-12-05,43.00374861190311,44.74590473903778,42.91205618415919,43.92067288934241,471452.0
2018-12-06,44.10405774483028,44.10405774483028,42.82036375641526,43.37051832287883,220779.0
2018-12-09,43.553903178366696,43.553903178366696,42.17851676220775,42.54528647318347,255393.0
2018-12-10,45.296059305501366,45.296059305501366,42.17851676220775,42.27020918995168,174911.0
2018-12-11,43.00374861190311,43.27882589513492,41.628362195744174,41.81174705123203,115282.0
2018-12-12,41.90343947897596,42.6369789009274,41.26159248476845,41.628362195744174,194449.0
2018-12-13,41.628362195744174,41.99513190671989,41.26159248476845,41.35328491251238,171869.0
2018-12-17,41.35328491251238,41.81174705123203,40.89482277379273,40.98651520153666,103793.0
2018-12-18,41.16990005702452,41.90343947897596,40.8031303460488,40.98651520153666,115209.0
2018-12-19,41.26159248476845,42.08682433446382,41.16990005702452,41.628362195744174,186997.0
2018-12-20,41.81174705123203,41.81174705123203,40.8031303460488,40.98651520153666,662923.0
2018-12-23,41.44497734025631,42.91205618415919,41.35328491251238,42.6369789009274,379609.0
2018-12-24,42.6369789009274,42.6369789009274,41.99513190671989,42.17851676220775,229837.0
2018-12-26,42.361901617695615,42.45359404543954,41.99513190671989,42.27020918995168,172020.0
2018-12-27,42.361901617695615,42.82036375641526,41.81174705123203,42.6369789009274,258961.0
2019-01-01,42.91205618415919,44.470827455806,42.6369789009274,44.19575017257421,398127.0
2019-01-02,44.74590473903778,44.83759716678172,43.553903178366696,44.28744260031814,445012.0
2019-01-03,44.74590473903778,45.387751733245295,43.92067288934241,45.11267445001351,492046.0
2019-01-06,45.11267445001351,47.49667757135568,45.11267445001351,47.03821543263603,859620.0
2019-01-07,47.49667757135568,48.50529427653891,46.12129115519673,46.48806086617246,737005.0
2019-01-08,46.9465230048921,47.49667757135568,46.3046760106846,47.129907860379966,436008.0
2019-01-09,47.313292715867824,47.40498514361175,46.39636843842853,46.67144572166031,341654.0
2019-01-10,46.579753293916376,47.03821543263603,45.84621387196494,46.39636843842853,265838.0
2019-01-13,47.68006242684355,47.68006242684355,46.02959872745281,46.76313814940424,491932.0
2019-01-14,47.221600288123895,47.68006242684355,46.579753293916376,46.76313814940424,377572.0
2019-01-15,46.9465230048921,50.79760497013716,46.85483057714818,50.33914283141751,1485300.0
2019-01-16,50.6142201146493,51.80622167532039,49.14714127074642,50.15575797592965,1070271.0
2019-01-17,50.15575797592965,50.15575797592965,48.04683213781927,48.32190942105105,619239.0
2019-01-20,48.59698670428284,48.59698670428284,47.68006242684355,48.04683213781927,389092.0
2019-01-21,48.23021699330712,48.41360184879498,46.85483057714818,47.129907860379966,340578.0
2019-01-22,47.129907860379966,47.58836999909961,45.57113658873316,45.93790629970888,524449.0
2019-01-23,46.3046760106846,46.48806086617246,45.387751733245295,45.75452144422101,309327.0
2019-01-24,45.84621387196494,47.221600288123895,45.66282901647708,46.21298358294066,329851.0
2019-01-27,46.76313814940424,48.41360184879498,46.39636843842853,47.58836999909961,586299.0
2019-01-28,48.13852456556319,48.32190942105105,46.76313814940424,46.9465230048921,200862.0
2019-01-29,47.03821543263603,47.68006242684355,47.03821543263603,47.49667757135568,316118.0
2019-01-30,47.68006242684355,52.1729913862961,47.68006242684355,50.33914283141751,2927032.0
2019-01-31,50.6142201146493,51.43945196434467,48.50529427653891,48.68867913202677,684524.0
2019-02-03,49.05544884300249,49.88068069269786,47.221600288123895,47.40498514361175,460505.0
2019-02-04,48.13852456556319,48.13852456556319,47.03821543263603,47.40498514361175,319424.0
2019-02-05,47.68006242684355,48.59698670428284,46.85483057714818,47.129907860379966,372825.0
2019-02-06,47.129907860379966,47.40498514361175,46.12129115519673,46.39636843842853,489123.0
2019-02-07,46.85483057714818,47.49667757135568,45.93790629970888,46.579753293916376,348153.0
2019-02-10,46.76313814940424,47.221600288123895,46.3046760106846,46.85483057714818,349943.0
2019-02-11,47.313292715867824,47.86344728233141,46.579753293916376,46.9465230048921,367024.0
2019-02-12,47.58836999909961,47.58836999909961,46.67144572166031,46.9465230048921,221119.0
2019-02-13,46.9465230048921,47.68006242684355,46.9465230048921,47.40498514361175,153767.0
2019-02-14,47.77175485458747,48.68867913202677,47.40498514361175,48.13852456556319,511393.0
2019-02-17,48.50529427653891,50.247450403673575,48.32190942105105,48.96375641525856,878924.0
2019-02-18,49.05544884300249,49.88068069269786,48.23021699330712,48.50529427653891,648124.0
2019-02-19,48.68867913202677,49.23883369849035,48.59698670428284,49.05544884300249,501358.0
2019-02-20,49.05544884300249,49.60560340946607,48.59698670428284,48.87206398751463,333392.0
2019-02-24,48.87206398751463,49.33052612623428,47.58836999909961,47.68006242684355,250230.0
2019-02-25,47.68006242684355,47.68006242684355,46.9465230048921,47.03821543263603,261299.0
2019-02-26,47.03821543263603,47.49667757135568,46.76313814940424,46.85483057714818,184199.0
2019-02-27,46.76313814940424,47.313292715867824,46.579753293916376,47.129907860379966,163462.0
2019-03-03,47.58836999909961,47.58836999909961,46.76313814940424,46.85483057714818,226739.0
2019-03-04,46.9465230048921,47.129907860379966,46.3046760106846,46.48806086617246,163303.0
2019-03-05,46.67144572166031,46.76313814940424,45.479444160989225,46.02959872745281,341645.0
2019-03-06,46.21298358294066,46.76313814940424,45.75452144422101,46.3046760106846,141973.0
2019-03-07,46.76313814940424,46.76313814940424,46.02959872745281,46.21298358294066,172897.0
2019-03-10,46.3046760106846,47.221600288123895,46.3046760106846,46.67144572166031,232361.0
2019-03-11,46.67144572166031,47.221600288123895,46.48806086617246,46.85483057714818,155584.0
2019-03-12,46.85483057714818,48.32190942105105,46.579753293916376,47.77175485458747,546797.0
2019-03-13,47.86344728233141,48.50529427653891,46.9465230048921,47.68006242684355,461290.0
2019-03-14,48.13852456556319,48.32190942105105,46.76313814940424,47.58836999909961,464041.0
2019-03-18,47.86344728233141,47.86344728233141,44.562519883549925,45.11267445001351,294070.0
2019-03-19,45.296059305501366,46.3046760106846,44.65421231129386,45.02098202226958,212114.0
2019-03-20,44.83759716678172,45.84621387196494,44.83759716678172,45.296059305501366,94952.0
2019-03-21,45.296059305501366,45.296059305501366,44.83759716678172,44.92928959452564,167120.0
2019-03-24,44.92928959452564,44.92928959452564,44.470827455806,44.562519883549925,64699.0
2019-03-25,44.92928959452564,45.387751733245295,44.37913502806207,44.74590473903778,100533.0
2019-03-27,44.92928959452564,46.12129115519673,44.65421231129386,45.387751733245295,139363.0
2019-03-28,45.75452144422101,45.84621387196494,44.74590473903778,44.92928959452564,70413.0
2019-03-31,44.562519883549925,45.11267445001351,44.37913502806207,44.74590473903778,82673.0
2019-04-01,45.11267445001351,45.11267445001351,44.470827455806,44.562519883549925,58965.0
2019-04-02,45.57113658873316,45.57113658873316,44.470827455806,44.92928959452564,99925.0
2019-04-03,44.92928959452564,45.11267445001351,43.73728803385456,43.92067288934241,96729.0
2019-04-04,44.83759716678172,45.387751733245295,43.553903178366696,44.10405774483028,108042.0
2019-04-07,44.28744260031814,44.470827455806,42.17851676220775,42.45359404543954,135451.0
2019-04-08,42.45359404543954,42.45359404543954,40.98651520153666,41.35328491251238,183972.0
2019-04-09,41.720054623488096,41.720054623488096,39.8862060686095,40.52805306281701,109867.0
2019-04-10,41.26159248476845,41.26159248476845,40.34466820732915,40.71143791830487,74885.0
2019-04-11,41.26159248476845,41.628362195744174,40.71143791830487,41.16990005702452,79002.0
2019-04-15,42.6369789009274,42.6369789009274,40.52805306281701,40.61974549056094,64732.0
2019-04-16,40.436360635073086,40.52805306281701,39.8862060686095,40.25297577958522,49391.0
2019-04-17,40.34466820732915,40.98651520153666,39.8862060686095,40.8031303460488,72417.0
2019-04-18,40.61974549056094,41.99513190671989,40.52805306281701,41.90343947897596,102954.0
2019-04-21,41.90343947897596,43.00374861190311,41.628362195744174,41.90343947897596,68374.0
2019-04-23,41.720054623488096,41.720054623488096,40.52805306281701,40.71143791830487,58145.0
2019-04-24,40.8031303460488,41.16990005702452,40.16128335184128,40.436360635073086,51295.0
2019-04-25,40.8031303460488,41.16990005702452,40.52805306281701,40.89482277379273,42018.0
2019-04-28,41.07820762928058,41.53666976800024,40.89482277379273,41.26159248476845,71263.0
2019-04-29,41.26159248476845,41.26159248476845,40.34466820732915,40.52805306281701,43634.0
2019-04-30,40.71143791830487,41.628362195744174,40.71143791830487,40.98651520153666,91985.0
2019-05-02,41.90343947897596,43.82898046159848,41.90343947897596,43.18713346739098,289090.0
2019-05-05,43.18713346739098,45.57113658873316,43.18713346739098,44.65421231129386,229241.0
2019-05-06,44.19575017257421,44.470827455806,43.37051832287883,44.19575017257421,126706.0
2019-05-07,44.470827455806,44.74590473903778,43.462210750622766,44.01236531708635,248692.0
2019-05-08,44.01236531708635,44.10405774483028,43.09544103964705,43.73728803385456,107546.0
2019-05-09,43.92067288934241,44.01236531708635,43.27882589513492,43.73728803385456,130518.0
2019-05-12,44.37913502806207,44.470827455806,43.37051832287883,43.64559560611063,96360.0
2019-05-13,43.462210750622766,43.462210750622766,43.00374861190311,43.09544103964705,100263.0
2019-05-14,43.09544103964705,43.73728803385456,42.54528647318347,42.72867132867133,115463.0
2019-05-15,42.27020918995168,43.553903178366696,42.27020918995168,42.91205618415919,335759.0
2019-05-16,43.09544103964705,43.09544103964705,42.361901617695615,42.72867132867133,58296.0
2019-05-19,43.92067288934241,44.01236531708635,43.00374861190311,43.92067288934241,146921.0
2019-05-20,44.01236531708635,44.01236531708635,43.09544103964705,43.18713346739098,106030.0
2019-05-21,43.18713346739098,43.18713346739098,42.6369789009274,42.72867132867133,41647.0
2019-05-22,42.82036375641526,43.37051832287883,42.27020918995168,42.45359404543954,105748.0
2019-05-23,43.27882589513492,43.27882589513492,42.27020918995168,42.361901617695615,49570.0
2019-05-26,42.45359404543954,42.6369789009274,41.26159248476845,41.720054623488096,153294.0
2019-05-27,41.53666976800024,42.08682433446382,41.44497734025631,41.81174705123203,25885.0
2019-05-28,42.72867132867133,42.91205618415919,42.17851676220775,42.54528647318347,83275.0
2019-05-29,42.54528647318347,43.09544103964705,42.45359404543954,42.72867132867133,76268.0
2019-05-30,42.27020918995168,42.72867132867133,42.27020918995168,42.54528647318347,55188.0
2019-06-09,42.54528647318347,43.37051832287883,42.45359404543954,43.09544103964705,44465.0
2019-06-10,43.09544103964705,44.92928959452564,43.09544103964705,44.562519883549925,264612.0
2019-06-11,44.92928959452564,45.296059305501366,44.74590473903778,45.02098202226958,243923.0
2019-06-12,45.296059305501366,45.84621387196494,44.562519883549925,44.74590473903778,282293.0
2019-06-13,44.74590473903778,45.11267445001351,44.37913502806207,44.65421231129386,204623.0
2019-06-16,44.92928959452564,45.11267445001351,42.91205618415919,43.27882589513492,131961.0
2019-06-17,43.00374861190311,43.09544103964705,42.361901617695615,42.54528647318347,71324.0
2019-06-18,42.82036375641526,43.553903178366696,42.17851676220775,42.72867132867133,142160.0
2019-06-19,42.45359404543954,43.64559560611063,42.45359404543954,42.6369789009274,130596.0
2019-06-20,42.6369789009274,42.91205618415919,42.361901617695615,42.45359404543954,131265.0
2019-06-23,42.82036375641526,42.82036375641526,41.99513190671989,42.17851676220775,109911.0
2019-06-24,42.17851676220775,42.45359404543954,41.81174705123203,42.08682433446382,105502.0
2019-06-25,42.361901617695615,43.00374861190311,42.27020918995168,42.54528647318347,185165.0
2019-06-26,42.6369789009274,43.27882589513492,42.6369789009274,43.09544103964705,127926.0
2019-06-27,43.09544103964705,43.462210750622766,42.08682433446382,42.27020918995168,321678.0
2019-06-30,42.82036375641526,42.82036375641526,41.90343947897596,42.08682433446382,169653.0
2019-07-02,42.54528647318347,42.82036375641526,41.90343947897596,42.54528647318347,133031.0
2019-07-03,42.6369789009274,43.09544103964705,42.45359404543954,42.54528647318347,139829.0
2019-07-04,42.361901617695615,43.00374861190311,42.27020918995168,42.72867132867133,114205.0
2019-07-07,42.54528647318347,42.91205618415919,42.17851676220775,42.27020918995168,103269.0
2019-07-08,42.6369789009274,42.6369789009274,41.90343947897596,42.17851676220775,91999.0
2019-07-09,42.08682433446382,42.45359404543954,41.720054623488096,42.17851676220775,178214.0
2019-07-10,42.361901617695615,42.45359404543954,41.26159248476845,41.81174705123203,261324.0
2019-07-11,42.08682433446382,42.08682433446382,39.79451364086557,40.16128335184128,329022.0
2019-07-14,40.71143791830487,41.16990005702452,39.97789849635343,40.16128335184128,67670.0
2019-07-15,39.97789849635343,40.34466820732915,38.23574236921876,38.41912722470662,140697.0
2019-07-16,38.41912722470662,39.33605150214592,38.41912722470662,38.96928179117021,36929.0
2019-07-17,39.15266664665807,39.79451364086557,38.41912722470662,39.06097421891413,177549.0
2019-07-18,39.06097421891413,39.24435907440199,38.694204507938416,39.15266664665807,42745.0
2019-07-21,39.15266664665807,39.15266664665807,36.76866352531589,36.95204838080374,165595.0
2019-07-22,36.95204838080374,37.1354332362916,34.84312254269336,35.48496953690087,169335.0
2019-07-23,35.209892253669075,37.960665085986975,35.209892253669075,37.68558780275519,85707.0
2019-07-24,37.77728023049912,37.77728023049912,36.58527866982802,37.1354332362916,162004.0
2019-07-25,37.04374080854768,38.14404994147483,37.04374080854768,37.59389537501126,113085.0
2019-07-28,37.68558780275519,38.0523575137309,37.1354332362916,37.50220294726732,44697.0
2019-07-29,37.68558780275519,39.42774392988985,37.59389537501126,38.877589363426274,115791.0
2019-07-30,38.785896935682345,39.42774392988985,37.77728023049912,37.960665085986975,163553.0
2019-07-31,38.96928179117021,38.96928179117021,37.68558780275519,38.32743479696269,157817.0
2019-08-01,38.32743479696269,39.24435907440199,38.32743479696269,38.694204507938416,96566.0
2019-08-04,38.785896935682345,40.06959092409737,38.785896935682345,39.79451364086557,146513.0
2019-08-05,39.79451364086557,40.16128335184128,39.33605150214592,39.79451364086557,150378.0
2019-08-06,39.8862060686095,41.99513190671989,39.61112878537772,40.34466820732915,202563.0
2019-08-07,41.26159248476845,41.26159248476845,39.702821213121645,39.8862060686095,64907.0
2019-08-08,39.8862060686095,40.34466820732915,39.519436357633786,40.16128335184128,85021.0
2019-08-18,40.25297577958522,40.52805306281701,39.702821213121645,39.8862060686095,77973.0
2019-08-19,40.16128335184128,41.26159248476845,40.16128335184128,41.07820762928058,209562.0
2019-08-20,41.44497734025631,41.53666976800024,40.71143791830487,40.89482277379273,137838.0
2019-08-21,40.8031303460488,41.26159248476845,40.52805306281701,40.98651520153666,146491.0
2019-08-22,41.26159248476845,41.90343947897596,40.8031303460488,41.07820762928058,183686.0
2019-08-25,41.26159248476845,41.44497734025631,40.436360635073086,40.52805306281701,147640.0
2019-08-26,40.52805306281701,40.98651520153666,39.15266664665807,39.42774392988985,177135.0
2019-08-27,38.96928179117021,40.06959092409737,38.96928179117021,39.24435907440199,83355.0
2019-08-28,39.24435907440199,39.519436357633786,38.785896935682345,38.877589363426274,108634.0
2019-08-29,38.96928179117021,39.24435907440199,36.58527866982802,36.95204838080374,250582.0
2019-09-01,36.67697109757196,37.77728023049912,35.209892253669075,35.48496953690087,329137.0
2019-09-02,35.48496953690087,35.48496953690087,33.92619826525406,34.017890692997995,415836.0
2019-09-03,34.017890692997995,34.38466040397371,33.376043698790475,34.201275548485846,400843.0
2019-09-04,34.292967976229775,34.75143011494943,33.92619826525406,34.56804525946157,239227.0
2019-09-05,34.93481497043729,35.02650739818122,34.47635283171764,34.75143011494943,262302.0
2019-09-08,34.75143011494943,34.84312254269336,33.92619826525406,34.109583120741924,362236.0
2019-09-09,34.109583120741924,34.292967976229775,33.83450583751013,34.017890692997995,294294.0
2019-09-11,33.74281340976619,34.201275548485846,33.376043698790475,33.376043698790475,176617.0
2019-09-12,33.376043698790475,33.46773612653441,32.73419670458297,33.10096641555869,256133.0
2019-09-15,33.192658843302624,33.192658843302624,32.91758156007083,33.10096641555869,185324.0
2019-09-16,33.28435127104655,33.376043698790475,33.00927398781476,33.10096641555869,153559.0
2019-09-17,33.10096641555869,33.376043698790475,32.550811849095105,33.00927398781476,159980.0
2019-09-18,33.00927398781476,33.00927398781476,33.00927398781476,33.00927398781476,0.0
2019-09-19,30.258501155496862,32.8258891323269,30.258501155496862,31.17542543293616,385814.0
2019-09-22,32.092349710375466,33.00927398781476,31.08373300519223,31.63388757165581,140787.0
2019-09-23,31.35881028842402,32.8258891323269,31.26711786068009,32.45911942135118,111771.0
2019-09-24,32.550811849095105,32.550811849095105,31.63388757165581,31.9089648548876,114050.0
2019-09-25,31.9089648548876,33.376043698790475,31.54219514391188,32.00065728263153,64224.0
2019-09-26,31.63388757165581,33.55942855427834,31.63388757165581,33.192658843302624,187231.0
2019-09-29,33.00927398781476,33.28435127104655,32.64250427683904,33.00927398781476,147645.0
2019-09-30,33.00927398781476,33.00927398781476,32.092349710375466,32.18404213811939,88955.0
2019-10-01,32.18404213811939,32.91758156007083,32.18404213811939,32.18404213811939,22755.0
2019-10-02,32.45911942135118,32.45911942135118,31.81727242714367,31.81727242714367,65893.0
2019-10-03,32.00065728263153,32.64250427683904,32.00065728263153,32.275734565863324,78847.0
2019-10-06,32.18404213811939,32.18404213811939,31.81727242714367,31.81727242714367,71447.0
2019-10-07,32.092349710375466,32.092349710375466,31.26711786068009,31.63388757165581,58160.0
2019-10-09,31.26711786068009,31.35881028842402,30.625270866472583,30.808655721960445,47023.0
2019-10-10,30.808655721960445,30.808655721960445,29.06649959482577,29.249884450313637,155990.0
2019-10-13,29.34157687805757,29.4332693058015,27.78280560641076,27.874498034154684,219717.0
2019-10-14,27.966190461898616,27.966190461898616,26.59080404573967,26.77418890122753,238325.0
2019-10-15,26.957573756715387,29.4332693058015,26.957573756715387,29.06649959482577,139279.0
2019-10-20,27.507728323178966,28.057882889642546,27.04926618445932,27.5994207509229,148261.0
2019-10-21,27.324343467691108,27.507728323178966,27.14095861220325,27.324343467691108,37389.0
2019-10-22,27.23265103994718,27.23265103994718,25.39880248506858,25.94895705153216,128899.0
2019-10-23,25.94895705153216,26.77418890122753,25.58218734055644,25.94895705153216,143241.0
2019-10-24,26.499111617995737,27.507728323178966,26.132341907020017,27.324343467691108,129089.0
2019-10-27,27.14095861220325,27.966190461898616,27.14095861220325,27.324343467691108,73086.0
2019-10-28,27.04926618445932,27.04926618445932,26.132341907020017,26.22403433476395,83750.0
2019-10-29,26.040649479276087,26.59080404573967,25.94895705153216,26.40741919025181,79747.0
2019-10-30,26.040649479276087,27.507728323178966,25.857264623788225,27.324343467691108,160831.0
2019-10-31,27.04926618445932,27.324343467691108,26.31572676250788,26.59080404573967,156231.0
2019-11-03,27.04926618445932,28.69972988385005,26.957573756715387,28.149575317386475,264558.0
2019-11-04,27.691113178666825,27.78280560641076,26.865881328971454,27.04926618445932,95997.0
2019-11-05,26.59080404573967,27.41603589543504,26.59080404573967,27.14095861220325,152217.0
2019-11-06,26.865881328971454,28.424652600618263,26.865881328971454,28.057882889642546,128698.0
2019-11-07,27.966190461898616,28.057882889642546,27.507728323178966,27.966190461898616,140376.0
2019-11-11,27.874498034154684,27.874498034154684,27.14095861220325,27.324343467691108,166259.0
2019-11-12,27.324343467691108,27.41603589543504,26.31572676250788,26.59080404573967,222267.0
2019-11-13,26.77418890122753,26.77418890122753,25.58218734055644,25.7655721960443,182214.0
2019-11-14,25.21541762958072,25.21541762958072,23.656646357933912,23.84003121342177,329756.0
2019-11-17,24.11510849665356,24.390185779885357,23.47326150244605,23.84003121342177,141556.0
2019-11-18,24.11510849665356,26.040649479276087,24.023416068909636,24.20680092439749,318353.0
2019-11-19,24.57357063537321,24.75695549086107,24.390185779885357,24.57357063537321,95936.0
2019-11-20,24.75695549086107,24.75695549086107,24.20680092439749,24.29849335214142,61955.0
2019-11-21,24.665263063117138,24.665263063117138,23.931723641165703,24.20680092439749,171269.0
2019-11-24,24.20680092439749,25.39880248506858,24.20680092439749,25.123725201836788,234334.0
2019-11-25,25.032032774092865,26.132341907020017,25.032032774092865,25.857264623788225,402582.0
2019-11-26,26.040649479276087,27.41603589543504,26.040649479276087,26.499111617995737,349373.0
2019-11-27,26.499111617995737,27.23265103994718,26.31572676250788,26.6824964734836,393722.0
2019-11-28,26.59080404573967,27.507728323178966,26.59080404573967,26.865881328971454,296942.0
2019-12-01,26.865881328971454,27.41603589543504,26.40741919025181,26.77418890122753,207592.0
2019-12-02,26.6824964734836,26.77418890122753,25.94895705153216,26.040649479276087,225501.0
2019-12-03,26.22403433476395,26.22403433476395,25.7655721960443,25.857264623788225,120452.0
2019-12-04,25.857264623788225,26.40741919025181,25.857264623788225,26.22403433476395,194740.0
2019-12-05,26.22403433476395,26.22403433476395,26.22403433476395,26.22403433476395,0.0
2019-12-08,26.032618025751077,26.51115879828326,25.45836909871245,25.74549356223176,108285.0
2019-12-09,25.74549356223176,25.74549356223176,24.88412017167382,24.97982832618026,42165.0
2019-12-10,25.075536480686694,25.64978540772532,24.405579399141637,24.596995708154505,58670.0
2019-12-11,24.78841201716738,25.36266094420601,24.50128755364807,24.692703862660945,92289.0
2019-12-12,24.596995708154505,24.88412017167382,24.02274678111588,24.50128755364807,132569.0
2019-12-15,24.78841201716738,24.78841201716738,23.448497854077253,23.63991416309013,112270.0
2019-12-17,23.544206008583693,23.544206008583693,22.68283261802575,22.77854077253219,102575.0
2019-12-18,22.969957081545065,23.352789699570813,22.49141630901288,22.874248927038625,50533.0
2019-12-19,23.25708154506438,23.831330472103005,22.969957081545065,23.16137339055794,61072.0
2019-12-22,23.065665236051505,23.065665236051505,22.58712446351932,22.77854077253219,103963.0
2019-12-23,22.969957081545065,23.544206008583693,22.68283261802575,22.77854077253219,100283.0
2019-12-24,22.68283261802575,23.352789699570813,22.68283261802575,23.065665236051505,117360.0
2019-12-26,23.16137339055794,23.63991416309013,22.77854077253219,22.874248927038625,122449.0
2019-12-29,22.969957081545065,23.73562231759657,22.969957081545065,22.969957081545065,78996.0
2019-12-30,23.16137339055794,23.25708154506438,22.39570815450644,22.49141630901288,168405.0
2020-01-01,22.58712446351932,23.92703862660944,22.58712446351932,23.544206008583693,237940.0
2020-01-02,23.63991416309013,25.171244635193133,23.63991416309013,24.78841201716738,466416.0
2020-01-05,24.309871244635197,24.405579399141637,23.831330472103005,23.92703862660944,237335.0
2020-01-07,23.63991416309013,23.63991416309013,22.77854077253219,22.874248927038625,112639.0
2020-01-09,23.352789699570813,23.352789699570813,22.77854077253219,22.874248927038625,72106.0
2020-01-12,22.77854077253219,23.63991416309013,22.77854077253219,23.352789699570813,92298.0
2020-01-13,23.544206008583693,23.544206008583693,22.3,22.58712446351932,112098.0
2020-01-14,23.25708154506438,23.25708154506438,21.725751072961373,21.821459227467813,69913.0
2020-01-15,23.065665236051505,23.065665236051505,21.821459227467813,22.01287553648069,36721.0
2020-01-16,21.91716738197425,22.77854077253219,21.821459227467813,22.01287553648069,65391.0
2020-01-19,22.874248927038625,23.63991416309013,22.39570815450644,23.25708154506438,148128.0
2020-01-20,23.352789699570813,23.63991416309013,22.77854077253219,23.065665236051505,129701.0
2020-01-21,23.448497854077253,23.448497854077253,22.39570815450644,22.68283261802575,68969.0
2020-01-22,22.874248927038625,22.874248927038625,22.108583690987125,22.20429184549356,235904.0
2020-01-23,22.20429184549356,23.63991416309013,22.20429184549356,23.352789699570813,274068.0
2020-01-26,24.309871244635197,25.26695278969957,23.448497854077253,24.692703862660945,489447.0
2020-01-28,22.969957081545065,23.63991416309013,22.969957081545065,23.065665236051505,357634.0
2020-01-29,22.969957081545065,23.25708154506438,22.77854077253219,22.969957081545065,206109.0
2020-01-30,23.25708154506438,23.352789699570813,22.01287553648069,22.20429184549356,322128.0
2020-02-02,22.20429184549356,22.49141630901288,21.821459227467813,22.20429184549356,162217.0
2020-02-03,22.58712446351932,22.969957081545065,22.39570815450644,22.874248927038625,247016.0
2020-02-04,22.77854077253219,23.065665236051505,22.20429184549356,22.39570815450644,193141.0
2020-02-05,22.3,22.39570815450644,22.01287553648069,22.20429184549356,177568.0
2020-02-06,22.20429184549356,22.49141630901288,22.01287553648069,22.39570815450644,103141.0
2020-02-09,22.39570815450644,22.39570815450644,21.725751072961373,21.91716738197425,141427.0
2020-02-10,21.91716738197425,22.108583690987125,21.725751072961373,21.821459227467813,66961.0
2020-02-11,22.49141630901288,22.77854077253219,22.3,22.49141630901288,194200.0
2020-02-12,22.874248927038625,23.73562231759657,22.49141630901288,23.448497854077253,549522.0
2020-02-13,23.73562231759657,25.74549356223176,23.544206008583693,25.74549356223176,1202015.0
2020-02-16,26.128326180257517,27.755364806866957,26.128326180257517,26.893991416309014,1109992.0
2020-02-17,26.893991416309014,27.94678111587983,25.93690987124464,27.46824034334764,788956.0
2020-02-18,27.46824034334764,29.765236051502143,27.46824034334764,28.042489270386262,1040691.0
2020-02-19,27.851072961373397,30.626609442060087,27.18111587982833,29.860944206008583,1704690.0
2020-02-20,29.956652360515022,32.54077253218884,29.956652360515022,30.722317596566526,2294501.0
2020-02-23,30.722317596566526,31.009442060085835,28.99957081545065,29.19098712446352,727457.0
2020-02-24,29.382403433476394,30.243776824034335,28.80815450643777,29.09527896995708,774811.0
2020-02-25,29.57381974248927,29.66952789699571,28.425321888412014,28.71244635193133,667654.0
2020-02-26,28.80815450643777,29.478111587982838,27.56394849785408,27.755364806866957,432691.0
2020-02-27,27.755364806866957,28.329613733905585,27.27682403433477,27.372532188841205,406698.0
2020-03-02,26.224034334763942,27.94678111587983,25.93690987124464,27.755364806866957,526985.0
2020-03-03,28.042489270386262,29.19098712446352,27.755364806866957,27.94678111587983,466970.0
2020-03-04,27.94678111587983,28.425321888412014,26.319742489270386,26.6068669527897,407750.0
2020-03-05,26.6068669527897,26.79828326180257,25.8412017167382,26.224034334763942,205015.0
2020-03-08,26.224034334763942,26.224034334763942,24.596995708154505,24.692703862660945,279925.0
2020-03-09,24.692703862660945,24.692703862660945,22.3,22.969957081545065,496317.0
2020-03-10,23.448497854077253,24.88412017167382,23.448497854077253,24.596995708154505,313443.0
2020-03-11,24.88412017167382,26.032618025751077,24.309871244635197,24.88412017167382,531623.0
2020-03-12,24.88412017167382,24.88412017167382,23.544206008583693,23.63991416309013,217457.0
2020-03-15,23.63991416309013,23.63991416309013,21.534334763948497,22.01287553648069,609756.0
2020-03-18,21.534334763948497,22.01287553648069,18.663090128755364,19.04592274678112,236951.0
2020-03-19,23.63991416309013,23.63991416309013,23.63991416309013,23.63991416309013,9552.0
2020-03-22,23.63991416309013,23.63991416309013,21.91716738197425,21.91716738197425,78227.0
2020-03-23,21.91716738197425,21.91716738197425,21.91716738197425,21.91716738197425,334995.0
2020-03-24,21.91716738197425,21.91716738197425,21.91716738197425,21.91716738197425,55404.0
2020-03-25,21.91716738197425,21.91716738197425,21.91716738197425,21.91716738197425,44055.0
2020-05-31,21.91716738197425,21.91716738197425,21.91716738197425,21.91716738197425,3560.0
2020-06-01,21.91716738197425,21.91716738197425,21.91716738197425,21.91716738197425,2080.0
2020-06-02,21.91716738197425,21.91716738197425,21.91716738197425,21.91716738197425,284.0
2020-06-03,21.91716738197425,21.91716738197425,21.91716738197425,21.91716738197425,20.0
2020-06-04,21.91716738197425,21.91716738197425,21.91716738197425,21.91716738197425,15.0
2020-06-07,21.91716738197425,21.91716738197425,21.91716738197425,21.91716738197425,3051.0
2020-06-08,21.91716738197425,21.91716738197425,21.91716738197425,21.91716738197425,193442.0
2020-06-09,21.91716738197425,21.91716738197425,21.91716738197425,21.91716738197425,16135.0
2020-06-10,21.91716738197425,21.91716738197425,21.91716738197425,21.91716738197425,505.0
2020-06-11,21.91716738197425,21.91716738197425,21.91716738197425,21.91716738197425,2910.0
2020-06-14,21.91716738197425,21.91716738197425,21.91716738197425,21.91716738197425,2205.0
2020-06-15,21.91716738197425,21.91716738197425,21.91716738197425,21.91716738197425,2000.0
2020-06-16,21.91716738197425,21.91716738197425,21.91716738197425,21.91716738197425,2850.0
2020-06-17,21.91716738197425,21.91716738197425,21.91716738197425,21.91716738197425,750.0
2020-06-18,21.91716738197425,21.91716738197425,21.91716738197425,21.91716738197425,0.0
2020-06-21,21.91716738197425,21.91716738197425,21.91716738197425,21.91716738197425,75.0
2020-06-22,21.91716738197425,21.91716738197425,21.91716738197425,21.91716738197425,1.0
2020-06-23,21.91716738197425,21.91716738197425,21.91716738197425,21.91716738197425,100.0
2020-06-24,21.91716738197425,21.91716738197425,21.91716738197425,21.91716738197425,76.0
2020-06-25,21.91716738197425,21.91716738197425,21.91716738197425,21.91716738197425,3145.0
2020-06-28,21.91716738197425,21.91716738197425,21.91716738197425,21.91716738197425,5000.0
2020-06-29,21.91716738197425,21.91716738197425,21.91716738197425,21.91716738197425,13266.0
2020-06-30,21.91716738197425,21.91716738197425,21.91716738197425,21.91716738197425,7385.0
2020-07-02,21.91716738197425,21.91716738197425,21.91716738197425,21.91716738197425,1100.0
2020-07-05,21.91716738197425,21.91716738197425,21.91716738197425,21.91716738197425,0.0
2020-07-06,21.91716738197425,21.91716738197425,21.91716738197425,21.91716738197425,0.0
2020-07-07,21.91716738197425,21.91716738197425,21.91716738197425,21.91716738197425,10080.0
2020-07-08,21.91716738197425,21.91716738197425,21.91716738197425,21.91716738197425,1535.0
2020-07-09,21.91716738197425,21.91716738197425,21.91716738197425,21.91716738197425,8331.0
2020-07-12,21.91716738197425,21.91716738197425,21.91716738197425,21.91716738197425,35930.0
2020-07-13,21.91716738197425,21.91716738197425,21.91716738197425,21.91716738197425,24867.0
2020-07-14,21.91716738197425,21.91716738197425,21.91716738197425,21.91716738197425,11570.0
2020-07-15,21.91716738197425,21.91716738197425,21.91716738197425,21.91716738197425,12567.0
2020-07-16,21.91716738197425,21.91716738197425,21.91716738197425,21.91716738197425,226.0
2020-07-19,21.91716738197425,21.91716738197425,21.91716738197425,21.91716738197425,8600.0
2020-07-20,21.91716738197425,21.91716738197425,21.91716738197425,21.91716738197425,55662.0
2020-07-21,21.91716738197425,21.91716738197425,21.91716738197425,21.91716738197425,1350.0
2020-07-22,21.91716738197425,21.91716738197425,21.91716738197425,21.91716738197425,55027.0
2020-07-23,21.91716738197425,21.91716738197425,21.91716738197425,21.91716738197425,7885.0
2020-07-26,21.91716738197425,21.91716738197425,21.91716738197425,21.91716738197425,231.0
2020-07-27,21.91716738197425,21.91716738197425,21.91716738197425,21.91716738197425,17295.0
2020-07-28,21.91716738197425,21.91716738197425,21.91716738197425,21.91716738197425,147428.0
2020-07-29,21.91716738197425,21.91716738197425,21.91716738197425,21.91716738197425,42923.0
2020-07-30,21.91716738197425,22.39570815450644,21.91716738197425,22.01287553648069,1209917.0
2020-08-03,22.01287553648069,22.969957081545065,21.91716738197425,22.3,736367.0
2020-08-04,22.58712446351932,23.065665236051505,22.108583690987125,22.39570815450644,1117145.0
2020-08-05,22.874248927038625,23.544206008583693,22.68283261802575,23.065665236051505,907276.0
2020-08-06,23.16137339055794,25.36266094420601,22.969957081545065,25.36266094420601,1754867.0
2020-08-09,26.128326180257517,26.702575107296138,25.64978540772532,26.6068669527897,2185896.0
2020-08-10,26.79828326180257,26.79828326180257,25.26695278969957,25.45836909871245,1258728.0
2020-08-12,25.74549356223176,27.94678111587983,25.64978540772532,27.851072961373397,2347352.0
2020-08-13,28.138197424892702,28.329613733905585,27.46824034334764,27.755364806866957,1236603.0
2020-08-16,27.755364806866957,27.851072961373397,26.98969957081545,27.372532188841205,1163505.0
2020-08-17,27.372532188841205,27.659656652360518,26.128326180257517,26.319742489270386,862872.0
2020-08-18,26.319742489270386,26.702575107296138,25.171244635193133,25.64978540772532,459738.0
2020-08-19,26.319742489270386,26.319742489270386,25.075536480686694,25.36266094420601,601311.0
2020-08-20,25.36266094420601,26.79828326180257,25.075536480686694,26.224034334763942,424185.0
2020-08-23,26.319742489270386,27.08540772532189,25.8412017167382,26.893991416309014,899936.0
2020-08-24,27.08540772532189,28.61673819742489,26.98969957081545,27.372532188841205,1965392.0
2020-08-25,27.56394849785408,28.233905579399146,26.415450643776826,26.702575107296138,807590.0
2020-08-26,27.27682403433477,27.27682403433477,26.51115879828326,26.6068669527897,448538.0
2020-08-27,26.6068669527897,26.79828326180257,26.224034334763942,26.415450643776826,506932.0
2020-08-31,26.319742489270386,27.755364806866957,26.319742489270386,26.702575107296138,978922.0
2020-09-01,26.98969957081545,27.08540772532189,26.128326180257517,26.319742489270386,573922.0
2020-09-02,26.128326180257517,26.79828326180257,25.8412017167382,26.128326180257517,745949.0
2020-09-03,26.128326180257517,27.08540772532189,25.93690987124464,26.224034334763942,732899.0
2020-09-06,26.79828326180257,27.27682403433477,26.6068669527897,26.98969957081545,958321.0
2020-09-07,27.372532188841205,27.659656652360518,26.6068669527897,26.702575107296138,736424.0
2020-09-08,26.79828326180257,26.79828326180257,26.319742489270386,26.51115879828326,596798.0
2020-09-09,26.51115879828326,27.18111587982833,26.319742489270386,26.51115879828326,618955.0
2020-09-10,26.6068669527897,26.893991416309014,26.032618025751077,26.415450643776826,541725.0
2020-09-13,26.702575107296138,26.98969957081545,26.319742489270386,26.415450643776826,634385.0
2020-09-14,26.702575107296138,27.659656652360518,26.415450643776826,27.372532188841205,1292835.0
2020-09-15,27.27682403433477,27.755364806866957,26.98969957081545,27.27682403433477,854561.0
2020-09-16,27.27682403433477,29.956652360515022,27.27682403433477,29.860944206008583,3772951.0
2020-09-17,30.1480686695279,30.1480686695279,28.138197424892702,28.233905579399146,925482.0
2020-09-20,28.233905579399146,29.57381974248927,27.46824034334764,28.71244635193133,1387870.0
2020-09-21,28.90386266094421,29.382403433476394,27.18111587982833,27.372532188841205,725617.0
2020-09-22,27.27682403433477,27.659656652360518,26.98969957081545,27.18111587982833,441427.0
2020-09-23,27.659656652360518,27.94678111587983,26.893991416309014,27.08540772532189,547710.0
2020-09-24,27.27682403433477,27.46824034334764,26.51115879828326,26.79828326180257,458850.0
2020-09-27,27.27682403433477,27.755364806866957,26.224034334763942,26.415450643776826,486414.0
2020-09-28,26.51115879828326,26.98969957081545,26.319742489270386,26.415450643776826,383896.0
2020-09-29,26.702575107296138,26.893991416309014,25.93690987124464,26.032618025751077,421950.0
2020-09-30,26.6068669527897,26.6068669527897,25.8412017167382,26.032618025751077,240150.0
2020-10-01,26.51115879828326,26.51115879828326,26.032618025751077,26.319742489270386,203771.0
2020-10-04,26.51115879828326,26.6068669527897,25.93690987124464,26.224034334763942,227473.0
2020-10-05,25.8412017167382,26.415450643776826,25.554077253218885,25.64978540772532,304934.0
2020-10-06,25.8412017167382,25.8412017167382,25.075536480686694,25.26695278969957,268169.0
2020-10-07,25.26695278969957,25.74549356223176,25.075536480686694,25.36266094420601,201483.0
2020-10-08,25.45836909871245,25.64978540772532,24.97982832618026,25.075536480686694,155392.0
2020-10-11,25.36266094420601,25.36266094420601,23.544206008583693,24.11845493562232,185050.0
2020-10-12,24.405579399141637,24.405579399141637,23.544206008583693,23.73562231759657,91639.0
2020-10-13,23.63991416309013,24.50128755364807,23.25708154506438,23.831330472103005,199844.0
2020-10-14,24.405579399141637,24.97982832618026,23.92703862660944,24.11845493562232,172365.0
2020-10-15,24.692703862660945,25.075536480686694,23.831330472103005,24.692703862660945,300959.0
2020-10-18,24.78841201716738,25.171244635193133,24.02274678111588,24.11845493562232,262900.0
2020-10-19,24.50128755364807,24.78841201716738,23.73562231759657,24.405579399141637,254088.0
2020-10-20,24.692703862660945,25.26695278969957,24.50128755364807,24.692703862660945,260576.0
2020-10-21,24.596995708154505,24.97982832618026,24.21416309012876,24.309871244635197,160761.0
2020-10-22,24.309871244635197,24.596995708154505,23.92703862660944,24.02274678111588,178058.0
2020-10-25,24.02274678111588,24.11845493562232,23.63991416309013,23.831330472103005,150750.0
2020-10-27,24.11845493562232,24.50128755364807,23.63991416309013,23.831330472103005,222174.0
2020-10-28,23.73562231759657,24.21416309012876,22.969957081545065,23.63991416309013,330224.0
2020-10-29,24.11845493562232,24.11845493562232,23.352789699570813,23.831330472103005,84643.0
2020-11-01,24.11845493562232,24.692703862660945,23.448497854077253,24.50128755364807,258247.0
2020-11-02,24.78841201716738,24.88412017167382,24.02274678111588,24.11845493562232,156294.0
2020-11-03,24.21416309012876,24.405579399141637,23.92703862660944,24.02274678111588,255799.0
2020-11-04,24.02274678111588,24.405579399141637,23.352789699570813,23.544206008583693,281406.0
2020-11-05,23.544206008583693,23.92703862660944,23.16137339055794,23.352789699570813,298825.0
2020-11-08,23.448497854077253,23.544206008583693,22.77854077253219,22.969957081545065,162150.0
2020-11-09,22.969957081545065,23.831330472103005,22.969957081545065,23.448497854077253,188233.0
2020-11-10,23.448497854077253,24.50128755364807,23.448497854077253,23.831330472103005,350904.0
2020-11-11,23.73562231759657,23.831330472103005,23.065665236051505,23.448497854077253,291782.0
2020-11-12,23.25708154506438,23.63991416309013,23.16137339055794,23.25708154506438,342100.0
2020-11-15,23.63991416309013,23.63991416309013,23.065665236051505,23.448497854077253,179985.0
2020-11-16,22.969957081545065,22.969957081545065,21.91716738197425,21.91716738197425,1333722.0
2020-11-17,21.91716738197425,21.91716738197425,21.91716738197425,21.91716738197425,114483.0
2020-11-18,21.91716738197425,21.91716738197425,21.91716738197425,21.91716738197425,49209.0
2020-11-19,21.91716738197425,21.91716738197425,21.91716738197425,21.91716738197425,182508.0
2020-11-22,21.91716738197425,21.91716738197425,21.91716738197425,21.91716738197425,27496.0
2020-11-23,21.91716738197425,21.91716738197425,21.91716738197425,21.91716738197425,6419.0
2020-11-24,21.91716738197425,21.91716738197425,21.91716738197425,21.91716738197425,13808.0
2020-11-25,21.91716738197425,21.91716738197425,21.91716738197425,21.91716738197425,9045.0
2020-11-26,21.91716738197425,21.91716738197425,21.91716738197425,21.91716738197425,11380.0
2020-11-29,21.91716738197425,21.91716738197425,21.91716738197425,21.91716738197425,32631.0
2020-11-30,21.91716738197425,21.91716738197425,21.91716738197425,21.91716738197425,62364.0
2020-12-01,21.91716738197425,22.874248927038625,21.91716738197425,22.01287553648069,669702.0
2020-12-02,22.3,22.874248927038625,21.91716738197425,22.3,469526.0
2020-12-03,22.3,22.3,22.3,22.3,0.0
2020-12-06,23.0,23.7,22.9,23.3,453371.0
2020-12-07,23.1,23.6,23.1,23.2,269238.0
2020-12-08,23.5,23.6,23.1,23.2,391205.0
2020-12-09,23.1,23.5,23.1,23.4,278238.0
2020-12-10,23.6,25.4,23.6,24.6,1611415.0
2020-12-13,24.8,25.0,24.3,24.5,273913.0
2020-12-14,24.3,24.6,24.1,24.2,485511.0
2020-12-15,24.5,24.7,23.9,24.2,265124.0
2020-12-17,24.2,24.9,24.0,24.7,532917.0
2020-12-20,24.6,24.7,24.1,24.2,202413.0
2020-12-21,24.2,24.5,23.8,23.9,301446.0
2020-12-22,23.7,24.0,23.6,23.8,306837.0
2020-12-23,23.6,24.2,23.5,23.6,290694.0
2020-12-24,24.0,24.9,23.7,24.3,462806.0
2020-12-27,24.4,25.5,24.4,25.4,987459.0
2020-12-28,25.5,25.5,24.5,25.0,287795.0
2020-12-29,25.0,25.4,24.2,24.5,393875.0
2020-12-30,24.7,24.9,24.3,24.6,298820.0
2021-01-03,24.3,25.3,24.2,25.1,514828.0
2021-01-04,25.2,25.4,24.5,24.8,359407.0
2021-01-05,24.9,25.9,24.7,24.7,770162.0
2021-01-06,24.7,25.2,24.4,24.6,259886.0
2021-01-07,24.5,25.4,24.4,25.1,394496.0
2021-01-10,25.5,25.7,24.7,25.2,834787.0
2021-01-11,25.2,27.5,24.9,27.0,1076131.0
2021-01-12,27.3,28.4,26.8,28.2,1592123.0
2021-01-13,28.0,28.0,26.0,26.6,890482.0
2021-01-14,26.8,27.8,26.0,26.5,741161.0
2021-01-17,27.3,27.3,24.5,25.0,475820.0
2021-01-18,25.4,25.7,24.6,25.1,579731.0
2021-01-19,25.1,25.2,24.7,24.8,323969.0
2021-01-20,25.2,25.3,24.8,25.0,373697.0
2021-01-21,25.0,26.5,25.0,25.4,746524.0
2021-01-24,25.5,25.5,24.5,24.7,185282.0
2021-01-25,24.8,24.8,24.3,24.5,235096.0
2021-01-26,24.3,25.0,23.8,24.0,215849.0
2021-01-27,24.6,24.6,23.7,23.8,173409.0
2021-01-28,24.0,24.2,22.9,23.3,353346.0
2021-01-31,23.9,24.1,23.2,23.3,200597.0
2021-02-01,23.2,23.6,23.1,23.2,201932.0
2021-02-02,23.2,23.5,23.1,23.1,107604.0
2021-02-03,23.5,23.5,23.0,23.1,130803.0
2021-02-04,23.2,23.4,22.9,23.0,211833.0
2021-02-07,22.9,23.0,22.9,22.9,166616.0
2021-02-08,23.0,23.3,22.9,22.9,135830.0
2021-02-09,22.9,23.5,22.9,23.3,277228.0
2021-02-10,23.1,23.3,22.9,23.0,103731.0
2021-02-11,23.0,23.0,22.9,22.9,144168.0
2021-02-14,22.9,23.0,22.9,22.9,83539.0
2021-02-15,22.9,22.9,22.9,22.9,39807.0
2021-02-16,22.9,23.0,22.9,22.9,63935.0
2021-02-17,22.9,22.9,22.9,22.9,24487.0
2021-02-18,22.9,22.9,22.9,22.9,16720.0
2021-02-22,22.9,22.9,22.9,22.9,2766.0
2021-02-23,22.9,22.9,22.9,22.9,8055.0
2021-02-24,22.9,22.9,22.9,22.9,2970.0
2021-02-25,22.9,22.9,22.9,22.9,38208.0
2021-02-28,22.9,22.9,22.9,22.9,7818.0
2021-03-01,22.9,23.2,22.9,23.0,168521.0
2021-03-02,23.0,23.4,23.0,23.1,170341.0
2021-03-03,23.2,23.2,22.9,22.9,265194.0
2021-03-04,22.9,23.1,22.9,22.9,102807.0
2021-03-07,22.9,22.9,22.9,22.9,33799.0
2021-03-08,22.9,22.9,22.9,22.9,20813.0
2021-03-09,22.9,22.9,22.9,22.9,10290.0
2021-03-10,22.9,22.9,22.9,22.9,42838.0
2021-03-11,22.9,22.9,22.9,22.9,8585.0
2021-03-14,22.9,22.9,22.9,22.9,6548.0
2021-03-15,22.9,22.9,22.9,22.9,19240.0
2021-03-16,22.9,22.9,22.9,22.9,48652.0
2021-03-18,22.9,22.9,22.9,22.9,102364.0
2021-03-21,22.9,22.9,22.9,22.9,1712.0
2021-03-22,22.9,22.9,22.9,22.9,1394.0
2021-03-23,22.9,22.9,22.9,22.9,1514.0
2021-03-24,22.9,22.9,22.9,22.9,1210.0
2021-03-25,22.9,22.9,22.9,22.9,1148.0
2021-03-28,22.9,22.9,22.9,22.9,1220.0
2021-03-29,22.9,22.9,22.9,22.9,68439.0
2021-03-31,22.9,22.9,22.9,22.9,2000.0
2021-04-01,22.9,22.9,22.9,22.9,0.0
2021-04-04,22.9,22.9,22.9,22.9,14400.0
2021-04-05,22.9,22.9,22.9,22.9,30.0
2021-04-06,22.9,22.9,22.9,22.9,12.0
2021-04-07,22.9,22.9,22.9,22.9,350.0
2021-04-08,20.7,20.7,20.7,20.7,39819.0
2021-04-11,20.3,20.3,20.3,20.3,2255.0
2021-04-12,19.9,19.9,19.9,19.9,6412.0
2021-04-13,19.5,19.5,19.5,19.5,25504.0
2021-04-15,19.2,19.2,19.2,19.2,31015.0
2021-04-18,18.9,20.0,18.9,19.8,532702.0
2021-04-19,20.7,20.7,19.4,19.4,89636.0
2021-04-20,19.1,19.1,19.1,19.1,42558.0
2021-04-21,18.8,19.2,18.8,19.0,299368.0
2021-04-22,19.1,19.2,18.7,18.8,184326.0
2021-04-25,18.9,19.5,18.8,19.4,248668.0
2021-04-26,19.4,19.6,19.1,19.2,267402.0
2021-04-27,19.4,19.4,18.9,18.9,148985.0
2021-04-28,18.8,18.9,18.6,18.7,252506.0
2021-04-29,18.5,20.5,18.5,20.4,777236.0
2021-05-02,20.0,20.0,20.0,20.0,72509.0
2021-05-03,19.6,19.6,19.6,19.6,56020.0
2021-05-04,19.3,19.3,19.3,19.3,12750.0
2021-05-05,19.0,19.0,19.0,19.0,81637.0
2021-05-06,18.7,18.7,18.7,18.7,208610.0
2021-05-09,18.4,19.0,18.4,18.6,552070.0
2021-05-11,18.9,19.1,18.5,18.7,266504.0
2021-05-12,18.7,19.6,18.6,19.4,460142.0
2021-05-16,19.5,20.5,19.5,20.2,615919.0
2021-05-17,20.5,20.7,19.8,19.8,707203.0
2021-05-18,19.4,19.5,19.4,19.4,322854.0
2021-05-19,19.2,19.6,19.1,19.1,262690.0
2021-05-20,19.4,19.5,18.8,18.9,358785.0
2021-05-23,18.9,19.0,18.7,18.8,153398.0
2021-05-24,18.7,19.8,18.5,19.4,734873.0
2021-05-25,19.4,19.7,19.1,19.1,346663.0
2021-05-27,19.2,19.2,18.8,19.0,334400.0
2021-05-30,19.6,19.7,19.0,19.4,347877.0
2021-05-31,19.2,19.5,19.1,19.2,258376.0
2021-06-01,19.3,19.5,19.2,19.4,223082.0
2021-06-02,19.2,19.3,19.1,19.2,164296.0
2021-06-03,19.2,19.4,18.9,19.1,632042.0
2021-06-06,19.2,21.0,19.2,21.0,792994.0
2021-06-07,21.5,22.8,21.1,21.4,1548976.0
2021-06-08,21.5,21.9,21.0,21.1,385489.0
2021-06-09,21.8,21.8,20.7,21.1,571881.0
2021-06-10,21.1,23.2,21.1,21.9,1321695.0
2021-06-13,21.9,23.4,21.8,22.7,1085878.0
2021-06-14,22.6,22.7,22.3,22.3,451345.0
2021-06-15,22.0,22.2,21.9,21.9,380599.0
2021-06-16,22.4,23.3,22.4,23.0,1190128.0
2021-06-17,23.0,23.0,22.6,22.6,372998.0
2021-06-20,21.5,22.1,20.4,21.9,288911.0
2021-06-21,22.1,22.9,22.0,22.4,244786.0
2021-06-22,22.4,23.1,22.1,22.8,682172.0
2021-06-23,22.9,23.3,22.3,22.5,572758.0
2021-06-24,22.5,22.7,22.0,22.3,191930.0
2021-06-27,21.9,22.2,20.7,21.0,378518.0
2021-06-28,21.6,21.7,21.1,21.4,256752.0
2021-06-29,21.7,21.9,21.3,21.4,225119.0
2021-06-30,21.6,22.0,21.1,21.7,363448.0
2021-07-05,22.1,22.6,22.0,22.5,492823.0
2021-07-06,22.7,23.0,22.4,22.6,666158.0
2021-07-07,22.8,24.5,22.6,23.8,1466133.0
2021-07-08,23.7,24.2,23.5,24.0,1167644.0
2021-07-12,24.1,24.4,23.4,23.5,858188.0
2021-07-13,23.5,23.8,23.2,23.4,420014.0
2021-07-14,23.4,23.9,23.2,23.5,404541.0
2021-07-15,23.5,25.6,23.5,24.9,1987882.0
2021-07-18,25.4,25.8,24.6,25.5,951718.0
2021-07-19,25.8,25.9,24.8,25.0,1159169.0
2021-07-25,25.1,26.0,24.8,25.8,741964.0
2021-07-26,26.3,26.7,25.4,25.6,886457.0
2021-07-27,25.6,25.8,24.8,24.9,576345.0
2021-07-28,24.6,25.8,24.6,25.3,479185.0
2021-07-29,25.3,25.9,25.2,25.8,519155.0
2021-08-02,26.2,28.3,26.2,28.3,2997516.0
2021-08-03,29.0,30.0,28.3,28.9,2853999.0
2021-08-05,28.8,29.4,27.9,29.1,2117319.0
2021-08-09,29.0,30.9,27.6,30.0,2589774.0
2021-08-10,30.6,33.0,30.6,32.4,4883985.0
2021-08-11,32.5,32.5,30.2,31.7,1473278.0
2021-08-12,32.0,32.8,30.7,32.1,2659323.0
2021-08-16,32.1,33.4,31.9,32.8,2612677.0
2021-08-17,33.0,34.0,32.0,33.4,2486497.0
2021-08-18,33.9,34.4,33.0,33.2,2046758.0
2021-08-19,33.2,33.4,32.1,32.4,1780796.0
2021-08-22,33.4,33.9,32.6,33.8,1805675.0
2021-08-23,34.2,34.5,33.1,33.4,1241882.0
2021-08-24,33.5,33.6,32.4,32.7,1129149.0
2021-08-25,32.8,32.9,31.0,31.6,939231.0
2021-08-26,33.2,33.2,31.7,31.9,802707.0
2021-08-29,32.0,32.5,31.9,32.4,625793.0
2021-08-31,32.3,32.7,32.0,32.4,544253.0
2021-09-01,33.0,35.6,33.0,35.5,5219911.0
2021-09-02,35.8,36.4,35.1,35.9,1547553.0
2021-09-05,36.0,36.0,34.5,34.9,2203842.0
2021-09-06,34.9,35.2,34.3,34.7,1719806.0
2021-09-07,35.0,36.6,34.5,35.8,2241372.0
2021-09-08,36.0,36.4,35.0,35.6,1120357.0
2021-09-09,35.3,35.5,34.7,35.0,1110325.0
2021-09-12,35.4,35.4,33.5,33.8,1253511.0
2021-09-13,34.0,34.2,33.2,34.0,617290.0
2021-09-14,35.0,35.6,34.3,35.0,1732648.0
2021-09-15,35.5,35.5,34.7,35.0,1022577.0
2021-09-16,35.4,35.4,34.6,34.7,474955.0
2021-09-19,35.1,35.1,33.0,33.1,574388.0
2021-09-20,34.0,34.3,33.2,33.4,430363.0
2021-09-21,33.8,33.9,33.2,33.5,354081.0
2021-09-22,34.3,35.3,33.8,34.1,724409.0
2021-09-23,34.5,34.9,33.8,34.2,402883.0
2021-09-26,35.3,36.8,35.1,35.2,2631817.0
2021-09-27,35.5,35.6,34.6,34.7,896969.0
2021-09-28,34.6,35.0,33.8,34.0,1072931.0
2021-09-29,34.0,34.7,33.6,33.7,842841.0
2021-09-30,33.5,34.0,33.2,33.3,1041924.0
2021-10-03,35.1,35.7,33.8,34.3,1997998.0
2021-10-04,34.6,34.6,33.0,33.1,903493.0
2021-10-05,33.1,33.5,31.2,31.5,1162114.0
2021-10-06,32.4,32.4,30.0,30.6,1352772.0
2021-10-07,31.3,31.3,29.9,30.3,1042479.0
2021-10-10,30.6,31.1,30.2,30.5,491581.0
2021-10-11,30.3,31.0,30.0,30.4,869259.0
2021-10-12,30.8,30.9,30.0,30.4,470965.0
2021-10-13,30.7,30.8,29.4,29.6,600958.0
2021-10-14,29.7,29.7,28.0,28.5,407774.0
2021-10-17,28.5,28.5,26.8,27.0,570081.0
2021-10-18,26.6,27.3,25.2,25.8,396067.0
2021-10-19,26.0,26.9,25.2,25.3,412915.0
2021-10-21,26.1,26.1,24.4,24.8,473297.0
2021-10-24,25.7,25.7,23.9,24.1,510951.0
2021-10-25,24.7,24.7,23.5,23.8,333940.0
2021-10-26,24.5,26.1,23.4,25.9,659598.0
2021-10-27,26.7,26.7,24.8,25.0,330698.0
2021-10-28,25.4,25.4,24.0,24.8,435382.0
2021-10-31,25.8,26.5,24.6,24.9,252933.0
2021-11-01,25.4,25.4,24.3,24.4,174593.0
2021-11-02,24.3,25.2,24.3,24.7,374067.0
2021-11-03,25.1,25.2,24.4,24.5,154944.0
2021-11-04,25.2,25.2,24.3,24.5,133909.0
2021-11-07,25.1,25.1,24.5,24.8,102657.0
2021-11-08,25.3,25.3,24.4,24.4,99662.0
2021-11-09,24.3,24.8,24.3,24.5,136746.0
2021-11-10,24.6,25.4,24.6,25.1,262080.0
2021-11-11,25.1,25.7,24.8,25.3,332461.0
2021-11-14,25.4,25.4,24.5,24.8,115445.0
2021-11-15,24.5,25.1,23.9,24.1,209440.0
2021-11-16,24.3,24.5,24.0,24.1,336252.0
2021-11-17,24.5,24.5,23.7,24.0,182109.0
2021-11-18,24.5,24.5,23.6,23.7,423465.0
2021-11-21,22.5,22.5,21.5,21.9,906384.0
2021-11-22,21.5,22.3,21.5,21.9,213868.0
2021-11-23,21.9,22.5,21.6,22.4,191444.0
2021-11-24,22.6,22.7,22.2,22.4,128454.0
2021-11-25,22.9,22.9,22.1,22.5,117161.0
2021-11-28,23.5,23.5,22.1,22.2,90519.0
2021-11-29,22.2,22.5,22.2,22.4,235227.0
2021-11-30,22.5,22.5,21.5,21.8,89527.0
2021-12-01,22.5,22.5,21.8,21.9,96854.0
2021-12-02,21.8,22.5,21.5,22.4,164625.0
2021-12-05,22.3,23.1,22.0,22.5,220918.0
2021-12-06,22.5,23.9,22.3,23.7,412585.0
2021-12-07,23.9,24.8,23.8,24.3,382072.0
2021-12-08,24.3,24.3,24.3,24.3,0.0
2021-12-09,25.0,25.5,23.6,24.0,331216.0
2021-12-12,25.0,25.0,23.8,24.0,212164.0
2021-12-13,23.8,23.9,23.4,23.5,109728.0
2021-12-14,23.5,23.6,23.0,23.1,140555.0
2021-12-15,23.4,23.4,22.8,23.0,55586.0
2021-12-19,22.8,23.3,22.1,22.5,104012.0
2021-12-20,22.1,22.9,22.1,22.5,47952.0
2021-12-21,22.8,22.8,21.0,21.7,84227.0
2021-12-22,22.4,22.4,21.2,21.4,94269.0
2021-12-23,22.0,22.0,21.3,21.5,87281.0
2021-12-26,21.5,21.8,21.0,21.1,55536.0
2021-12-27,21.7,21.7,20.8,21.0,90943.0
2021-12-28,21.3,21.3,19.2,21.0,187035.0
2021-12-29,21.0,21.1,20.8,21.0,227156.0
2021-12-30,21.2,23.1,21.2,23.1,370438.0
